TF_id,input_meanMotifScore,bg_meanMotifScore,pvalue,padj,qvalue,rank
LEC2,0.7995853489979268,0.073,3.146297247476921e-302,1.6046115962132297e-299,7.341360244112815e-300,1
GSE94307.HEC1.Col-0_seedling_12d,0.6744989633724948,0.30766666666666664,1.7210672979443344e-67,8.760232546536662e-65,2.0079118476017237e-65,2
GSE48081.KAN1.Col-0_seedling_10d-rep1,0.7712508638562543,0.44,2.084784652452194e-55,1.0590706034457146e-52,1.621499174129484e-53,3
GSE26722.REV.Col-0_seedling_10d-DEX-90min,0.572218382861092,0.2743333333333333,1.0092310581654372e-54,5.116801464898767e-52,5.887181172631717e-53,4
GSE84483.FIE.Col_whole-plant_30h,0.4367657221838286,0.183,1.9884876141379444e-49,1.0061747327538e-46,9.279608865977073e-48,5
GSE60141.FUS3.Col-0_leaves_tnt_col,0.09744298548721493,0.007666666666666666,5.0237158216842754e-49,2.536976489950559e-46,1.9536672639883293e-47,6
GSE85922.WRKY18.Col-0_seedling_12d,0.7982031789910159,0.5113333333333333,7.556534081997741e-46,3.808493177326861e-43,2.518844693999247e-44,7
GSE20176.AP1.Col_apical-meristem_DEX,0.5266067726330339,0.2673333333333333,1.0768086045444407e-45,5.416347280858537e-43,3.140691763254619e-44,8
GSE94486.ARR10.Col-0_seedling_3d-6BA-4h,0.6067726330338632,0.3253333333333333,1.624210117826418e-45,8.15353479148862e-43,4.210915120290714e-44,9
GSE85922.WRKY18.Col-0_seedling_12d-flg22,0.7055977885279889,0.43866666666666665,3.3858775689581625e-43,1.6963246620480394e-40,7.900380994235712e-42,10
GSE52400.BBM.Col-0_somatic-embryo,0.8203178991015895,0.53,7.053023836141796e-43,3.526511918070898e-40,1.496095965242199e-41,11
GSE76571.TFL2.Col-0_seedling_14,0.47615756738078785,0.24433333333333335,2.6698452217066818e-42,1.3322527656316342e-39,5.191365708874104e-41,12
GSE85922.WRKY40.Col-0_seedling_12d-flg22,0.6924671734623359,0.435,3.753611894756186e-41,1.8692987235885804e-38,6.737252118793153e-40,13
GSE80566.AT5G50360.Col-0_seedling_4d-DEX-6h,0.8693849343469247,0.5976666666666667,2.5449714709628605e-40,1.2648508210685416e-37,4.241619118271434e-39,14
GSE46986.SEP3.Ler_inflorescence_4w-8d,0.5756738078783691,0.318,4.105895193466225e-39,2.0365240159592478e-36,6.38694807872524e-38,15
GSE80564.ABF4.Col-0_seedling_3d-ABA,0.8154803040774016,0.5656666666666667,6.148441216576051e-37,3.043478402205145e-34,8.966476774173407e-36,16
GSE94486.ARR10.Col-0_seedling_3d-mock-4h,0.6496199032480995,0.389,2.092724131164753e-36,1.033805720795388e-33,2.872366454539857e-35,17
GSE80564.HAT22.Col-0_seedling_3d-EtOH,0.7532826537664132,0.5036666666666667,8.781334913523027e-35,4.329198112366852e-32,1.1383211924937257e-33,18
GSE94486.ARR1.Col-0_seedling_3d-mock-4h-LD,0.47062888735314445,0.255,5.2287652871542165e-34,2.5725525212798745e-31,6.421290703522722e-33,19
GSE78727.RPL.Ler-0_inflorescence-apices,0.5715272978576365,0.3273333333333333,8.616265377603303e-34,4.230586300403222e-31,1.0052309607203854e-32,20
GSE94486.ARR1.Col-0_seedling_3d-6BA-4h,0.34139599170698,0.154,8.860154106812449e-33,4.3414755123381e-30,9.844615674236054e-32,21
GSE80564.ATHB-6.Col-0_seedling_3d-EtOH,0.6731167933655839,0.428,2.1297228093163958e-32,1.0414344537557176e-29,2.258796918971935e-31,22
GSE80564.MYB44.Col-0_seedling_3d-EtOH,0.8438147892190739,0.593,2.4628599004041387e-32,1.2018756313972197e-29,2.4985535221491263e-31,23
GSE80564.GBF2.Col-0_seedling_3d-EtOH,0.89426399447132,0.6523333333333333,2.795587802720973e-32,1.3614512599251138e-29,2.7179325859787236e-31,24
GSE85922.WRKY33.Col-0_seedling_12d-flg22,0.7684865238424327,0.5246666666666666,7.734357013876284e-32,3.758897508743874e-29,7.218733212951198e-31,25
GSE80566.RBOHJ.Col-0_seedling_4d-DEX-6h,0.8458880442294402,0.5973333333333334,9.584802401074289e-32,4.64862916452103e-29,8.601745744553849e-31,26
GSE80564.GBF2.Col-0_seedling_3d-ABA,0.9156876295784382,0.672,1.3173950834003565e-31,6.376192203657725e-29,1.1384895782472215e-30,27
GSE46986.SEP3.Ler_inflorescence_4w-4d,0.51209398756047,0.297,2.226637550842396e-31,1.0754659370568774e-28,1.8555312923686633e-30,28
GSE80564.GBF3.Col-0_seedling_3d-EtOH,0.9136143745680718,0.6806666666666666,2.9128266826056558e-31,1.403982461015926e-28,2.3436536526712173e-30,29
GSE80564.GBF3.Col-0_seedling_3d-ABA,0.8458880442294402,0.6036666666666667,3.198621378199327e-31,1.5385368829138764e-28,2.4878166274883654e-30,30
GSE94486.ARR12.Col-0_seedling_3d-mock-4h,0.8299930891499654,0.56466666666666665,6.157810001144569e-31,2.955748800549393e-28,4.634910753549675e-30,31
GSE66289.WRKY33.Col-0_leaves_4w-Bc,0.6786454733932273,0.45266666666666666,6.233855246056107e-30,2.9860166628608755e-27,4.5455194502492446e-29,32
GSE80564.ABF1.Col-0_seedling_3d-ABA,0.861782999308915,0.628,1.0772165435288939e-29,5.149095078068113e-27,7.61668263101238e-29,33
GSE80564.HAT22.Col-0_seedling_3d-ABA,0.8189357290946786,0.5876666666666667,3.674771276067071e-29,1.752865898683993e-26,2.5219018561244606e-28,34
GSE68193.PIF4.Col-0_seedling_5d,0.7131997235659986,0.4756666666666667,4.2151705153411386e-29,2.006421165302382e-26,2.8101136768940926e-28,35
GSE52400.BBM.Col-0_whole-embryogenic-seedling,0.9260539046302695,0.7096666666666667,1.071231359238738e-28,5.0883489563840057e-26,6.943166217288116e-28,36
GSE43283.PIF1.Col-0_seedling_3d,0.2778161713890809,0.124,6.797713161854524e-28,3.2221160387190446e-25,4.2868461381064565e-27,37
GSE108455.AGL8.Ler_gynoecium_6w,0.6510020732550104,0.4236666666666667,4.107075417546121e-27,1.9426466724993155e-24,2.5218884142827057e-26,38
GSE95562.FIE.Ws_whole-plant_30h-wt,0.15549412577747063,0.04933333333333333,4.6020648720379425e-27,2.1721746196019087e-24,2.7533721456637263e-26,39
GSE80564.MYB3.Col-0_seedling_3d-EtOH,0.6786454733932273,0.447,4.989148219308803e-27,2.3498888112944464e-24,2.9103364612634685e-26,40
GSE80564.ABF4.Col-0_seedling_3d-EtOH,0.6599861782999309,0.4563333333333333,7.847317106195518e-27,3.6882390399118935e-24,4.465952824664116e-26,41
GSE94486.ARR1.Col-0_seedling_3d-mock-4h-etiolated,0.2591568762957844,0.10866666666666666,1.1952997230550345e-26,5.605955701128112e-24,6.640554016972414e-26,42
GSE94486.ARR12.Col-0_seedling_3d-6BA-4h,0.48721492743607464,0.27266666666666667,1.3792783070571753e-25,6.45502247702758e-23,7.484455929767618e-25,43
GSE80564.ATHB-5.Col-0_seedling_3d-EtOH,0.8832066344160332,0.6686666666666666,7.628309615533704e-25,3.5624205904542397e-22,4.045315705207267e-24,44
GSE80564.MYB3.Col-0_seedling_3d-ABA,0.8092605390463027,0.589,1.3088687363054232e-24,6.099328311183272e-22,6.786726780842935e-24,45
GSE64245.LFY.Col-0_seedling_15d-LFY,0.5044920525224602,0.298,2.1465338393126638e-24,9.981382352803886e-22,1.0888215126948293e-23,46
GSE14600.SEP3.Col-0_inflorescence_5-7w,0.3614374568071873,0.19966666666666666,2.4588664263311828e-24,1.1409140218176689e-21,1.2207138286750552e-23,47
GSE80564.ABF3.Col-0_seedling_3d-ABA,0.9205252246026261,0.7336666666666667,1.9957279824063738e-23,9.24022055854151e-21,9.701455470030984e-23,48
GSE80564.ABF3.Col-0_seedling_3d-EtOH,0.8562543192812716,0.664,8.460207331041665e-23,3.908615786941249e-20,4.0286701576388883e-22,49
GSE80564.ANAC102.Col-0_seedling_3d-EtOH,0.626123013130615,0.425,1.9483538625449374e-22,8.981911306332161e-20,9.092318025209707e-22,50
GSE35059.PIF5.Col-0_seedling_14d,0.19695922598479612,0.09033333333333333,3.8326198119809477e-22,1.763005113511236e-19,1.753486188488015e-21,51
GSE80564.ABF1.Col-0_seedling_3d-EtOH,0.5438838977194195,0.348,9.278685236535093e-22,4.2589165235696076e-19,4.163512606137542e-21,52
GSE80564.MYB44.Col-0_seedling_3d-ABA,0.926744989633725,0.736,1.89653002905646e-21,8.686107533078587e-19,8.349503272575608e-21,53
GSE94486.ARR1.Col-0_seedling_3d-6BA-72h,0.9302004146510021,0.7566666666666667,8.377054554172917e-21,3.828313931257023e-18,3.6197149308154584e-20,54
GSE60142.ABI5.Col-0_seedling_36h-ypet,0.4996544574982723,0.315,1.8610003991410263e-20,8.48616182008308e-18,7.895153208477081e-20,55
GSE43284.PIF4.Col-0_seedling_3d,0.14236351071181755,0.05333333333333334,5.10577612369573e-20,2.3231281362815572e-17,2.127406718206554e-19,56
GSE108960.EZA1.Col-0_seedling_10d,0.11541119557705598,0.03966666666666667,5.1984870884745735e-20,2.3601131381674564e-17,2.1280356502527494e-19,57
GSE80564.ATHB-5.Col-0_seedling_3d-ABA,0.8590186592950932,0.6723333333333333,5.684484455003977e-20,2.5750714581168018e-17,2.286861562357922e-19,58
GSE80564.ANAC102.Col-0_seedling_3d-ABA,0.6703524533517623,0.479,6.190103526958554e-20,2.797926794185266e-17,2.4480635417350213e-19,59
GSE99587.NFYB9.Ws-0_seeds-bent-cotyledon-stage,0.8845888044229441,0.6843333333333333,1.2564652896349193e-19,5.666658456253486e-17,4.886253904135797e-19,60
GSE80564.ATHB-7.Col-0_seedling_3d-EtOH,0.7249481686247409,0.5306666666666666,1.5072997784390963e-19,6.782849002975933e-17,5.765627567799821e-19,61
GSE94486.ARR14.Col-0_seedling_3d-6BA-72h,0.9212163096060816,0.7343333333333333,1.5903311589907413e-19,7.140586903868428e-17,5.9851172650189185e-19,62
GSE80564.NAC032.Col-0_seedling_3d-EtOH,0.19834139599170697,0.09033333333333333,2.308495244066013e-19,1.0342058693415739e-16,8.549982385429679e-19,63
GSE24568.LFY.Col-0_seedling_15d,0.33586731167933653,0.185,3.4589286470105697e-19,1.5461411052137246e-16,1.2610677358892701e-18,64
GSE80564.NAC032.Col-0_seedling_3d-ABA,0.7671043538355218,0.5836666666666667,3.6941568269097973e-19,1.6475939448017695e-16,1.3261075788906964e-18,65
GSE39215.PIF3.Col-0_seedling_2d,0.1465100207325501,0.059,7.646568348007606e-19,3.4027229148633847e-16,2.703332244245113e-18,66
GSE80564.DREB2A.Col-0_seedling_3d-ABA,0.8058051140290255,0.5976666666666667,1.8227349832178403e-18,8.092943325487211e-16,6.3478332748880005e-18,67
GSE36361.APRR5.Col-0_whole-plant_18d,0.4637180373185902,0.29133333333333333,2.4400752740289666e-18,1.0809533463948322e-15,8.372807312844492e-18,68
GSE80564.ZAT6.Col-0_seedling_3d-EtOH,0.8776779543883898,0.6956666666666667,2.630461061027399e-18,1.1626637889741104e-15,8.895278950334199e-18,69
GSE59187.RGA.Ler_seedling_11d,0.2681409813407049,0.142,1.5682861128008084e-17,6.916141757451565e-15,5.227620376002695e-17,70
GSE108455.AGL8.Col-0_Inflorescence-meristem_6w,0.7470628887353145,0.566,2.585766236635493e-17,1.137737144119617e-14,8.497823312886597e-17,71
GSE51770.ARF.Col-0_seedling-etiolated_5d,0.2066344160331721,0.09766666666666667,7.125108704949061e-17,3.127922721472638e-14,2.309063006233492e-16,72
GSE80564.BHLH122.Col-0_seedling_3d-EtOH,0.6744989633724948,0.4876666666666667,1.084372155680861e-16,4.749550041882171e-14,3.46602972135435e-16,73
GSE35315.PIF4.Col-0_seedling-etiolated,0.17069799585349,0.07866666666666666,1.4992024279584666e-16,6.551514610178499e-14,4.727214862932101e-16,74
GSE80564.AT5G04760.Col-0_seedling_3d-EtOH,0.8977194194885971,0.7306666666666667,2.9543237019620023e-16,1.2880851340554329e-13,9.191229294992896e-16,75
GSE54881.SVP.Col-0_seedling_2w-FLC,0.3697304768486524,0.23366666666666666,1.0975235850339365e-15,4.774227594897624e-13,3.3695899540515592e-15,76
GSE85922.WRKY33.Col-0_seedling_12d,0.308914996544575,0.18766666666666668,1.246067366653949e-15,5.407932371278139e-13,3.775961717133179e-15,77
GSE21301.AP2.Col-0_inflorescence,0.13337940566689702,0.06166666666666667,1.282568033502158e-15,5.553519585064345e-13,3.836741980562011e-15,78
GSE68193.PIF5.Col-0_seedling_5d,0.39599170697995856,0.25,1.3372232551001483e-15,5.776804462032641e-13,3.949604550928708e-15,79
GSE95301.AGO1.Col-0_seedling_10d-wt,0.9530062197650311,0.734,2.0390743387578496e-15,8.788410400046331e-13,5.9473001547103936e-15,80
GSE80564.RD26.Col-0_seedling_3d-EtOH,0.8576364892881825,0.6953333333333334,3.472157468821455e-15,1.4930277115932255e-12,1.0002099704423944e-14,81
GSE80564.ATHB-6.Col-0_seedling_3d-ABA,0.8382861091914305,0.68533333333333335,1.4487194480431204e-14,6.2150064321049864e-12,4.12237241313083e-14,82
GSE94926.RGA.Ler_inflorescence-apices,0.5003455425017277,0.3453333333333333,1.6154885153152763e-14,6.914290845549383e-12,4.541533978797965e-14,83
GSE80564.ZAT6.Col-0_seedling_3d-ABA,0.8977194194885971,0.7496666666666667,3.775842423874649e-14,1.612284714994475e-11,1.0488451177429581e-13,84
GSE108960.CLF.Col-0_seedling_10d,0.07049067035245335,0.023666666666666666,2.1729830126416086e-13,9.256907633853253e-11,5.965051407251475e-13,85
GSE79554.AGL8.Col-0xLer_gynoecium-silique-fruit_stage12-16,0.17208016586040084,0.09266666666666666,2.4676690429147895e-13,1.0487593432387856e-10,6.695226085427722e-13,86
GSE46986.SEP3.Ler_inflorescence_4w-2d,0.22460262612301313,0.13266666666666665,2.854128376620988e-13,1.2101504316872988e-10,7.65475043538196e-13,87
GSE70533.CCA1.Ws-2_seedling_14d-LD,0.2895646164478231,0.18166666666666667,3.53132437819678e-13,1.493750211977238e-10,9.363360093703583e-13,88
GSE85922.WRKY40.Col-0_seedling_12d,0.18590186592950933,0.103,4.809188475777319e-13,2.0294775367780285e-10,1.2608359299790725e-12,89
GSE95301.AGO1.Col-0_seedling_10d-mutant,0.995162404975812,0.789,9.902954374069546e-13,4.169143791483279e-10,2.567432615499512e-12,90
GSE80564.BHLH122.Col-0_seedling_3d-ABA,0.4063579820317899,0.27566666666666667,5.806914774729961e-12,2.4389042053865836e-9,1.4889525063410154e-11,91
GSE109149.WRKY18-33-40.Col-0_seedling_12d-wt-flg22-2h,0.6434001382170007,0.499,8.737269917544945e-12,3.660916095451332e-9,2.2159742544498043e-11,92
GSE80564.AT5G04760.Col-0_seedling_3d-ABA,0.9336558396682793,0.7973333333333333,1.040296867321319e-11,4.348440905403113e-9,2.6100638248205132e-11,93
GSE80564.HSFA6A.Col-0_seedling_3d-ABA,0.4035936420179682,0.274,2.1014539600920423e-11,8.763063013583817e-9,5.216375078242658e-11,94
GSE14600.SEP3.Ler_inflorescence_5-7w,0.29163787145818937,0.203,1.4093567195903997e-10,5.862923953496063e-8,3.4615779077658937e-10,95
GSE52175.LHY.Ws_seedling_2w-mutant,0.7519004837595025,0.6146666666666667,4.3884051829946984e-10,1.8211881509428e-7,1.0666262597556558e-9,96
GSE80564.ATHB-7.Col-0_seedling_3d-ABA,0.9136143745680718,0.7953333333333333,4.690853677059026e-10,1.9420134223024367e-7,1.1283840460279443e-9,97
GSE84483.BPC1.Col_whole-plant_30h,0.0995162404975812,0.04733333333333333,5.649359597262635e-10,2.3331855136694683e-7,1.3450856183958653e-9,98
GSE52175.LHY.Ws_seedling_2w-wt,0.248790601243953,0.164,9.629207612724462e-10,3.9672335364424787e-7,2.26951021175324e-9,99
GSE80564.NFYC2.Col-0_seedling_3d-EtOH,0.7346233586731168,0.5913333333333334,1.101114392818415e-9,4.5255801544836855e-7,2.5692669165763016e-9,100
GSE60142.ABI5.Col-0_seedling_36h-wt,0.2073255010366275,0.13066666666666665,2.0683806024552954e-9,8.480360470066711e-7,4.77843703537527e-9,101
GSE60141.SPL1.Col-0_leaves_tnt_colamp,0.11541119557705598,0.060333333333333336,3.290434090410056e-9,1.345787542977713e-6,7.52713680812758e-9,102
GSE80564.NFYC2.Col-0_seedling_3d-ABA,0.874913614374568,0.7433333333333333,5.191988362026292e-9,2.118331251706727e-6,1.1761785933392893e-8,103
GSE60141.BHLH122.Col-0_leaves_tnt_col,0.035245335176226675,0.01,8.175583902884764e-9,3.327462648474099e-6,1.834265619236966e-8,104
GSE60141.BIM2.Col-0_leaves_tnt_col,0.19419488597097442,0.125,1.3102335734184243e-8,5.319548308078803e-6,2.9116301631520542e-8,105
GSE60141.ZHD6.Col-0_leaves_tnt_colamp,0.28403593642017966,0.203,3.120328789437819e-8,1.2637331597223168e-5,6.86864827863671e-8,106
GSE49282.APRR7.Col-2_seedling_2w,0.2460262612301313,0.16266666666666665,4.676978059923441e-8,1.88949913620907e-5,1.0199017576157036e-7,107
GSE46986.AP1.Ler_inflorescence_4w-2d,0.07947477539737388,0.04,7.202124928929824e-8,2.902456346358719e-5,1.5560146451391594e-7,108
GSE109149.WRKY18-33-40.Col-0_seedling_12d-mutant-flg22-2h,0.5818935729094679,0.46266666666666667,1.3351702601852464e-7,5.367384445944691e-5,2.858162636482179e-7,109
GSE85651.HSFA1B.Col-0_leaves_5w-mutant-NS,0.6005528680027643,0.4786666666666667,2.0963584776208156e-7,8.40639749525947e-5,4.4468210131350636e-7,110
GSE80564.RD26.Col-0_seedling_3d-ABA,0.8417415342087077,0.741,2.736144103713099e-7,1.0944576414852396e-4,5.751654272069576e-7,111
GSE67903.CCA1.Col-0_seedling_14d,0.26952315134761573,0.194,2.9169942295739765e-7,1.1638806976000166e-4,6.077071311612452e-7,112
GSE70533.CCA1.Ws-2_seedling_14d-LL,0.14236351071181755,0.08933333333333333,3.740421178273315e-7,1.4886876289527795e-4,7.723583553956699e-7,113
GSE64245.LFY-TERE.Col-0_seedling_15d-LFY-TERE,0.21078092605390464,0.14066666666666666,5.291500372997519e-7,2.100725648080015e-4,1.0830556319000768e-6,114
GSE45938.AG.Ler-0_inflorescence_4w,0.15272978576364893,0.09533333333333334,9.074758938756177e-7,3.593604539747446e-4,1.841255436849079e-6,115
GSE60141.HDG1.Col-0_leaves_tnt_col,0.0331720801658604,0.012333333333333333,1.1391095360205273e-6,4.499482667281083e-4,2.291312285098762e-6,116
GSE94486.ARR1.Col-0_seedling_3d-Dex-4h,0.5964063579820318,0.47733333333333333,1.375664669581349e-6,5.420118798150516e-4,2.7434907940368785e-6,117
GSE68193.CRY2.Col-0_seedling_5d,0.15687629578438148,0.098,1.7937427324833313e-6,7.049408938659492e-4,3.5469489060404852e-6,118
GSE60141.ZHD3.Col-0_leaves_tnt_colamp,0.1990324809951624,0.13733333333333334,1.8486525680652788e-6,7.246718066815892e-4,3.6248089569907426e-6,119
GSE80564.NFYB2.Col-0_seedling_3d-EtOH,1.0186592950932964,0.9283333333333333,4.504955925324076e-6,0.0017614377668017137,8.75963652146348e-6,120
GSE60141.AtbZIP52.Col-0_leaves_tnt_colamp,0.11264685556323428,0.067,5.7562970256652164e-6,0.0022449558400094343,1.1100297294671217e-5,121
GSE80564.NFYB2.Col-0_seedling_3d-ABA,1.046993780234969,0.96,5.959104269032459e-6,0.0023180915606536264,1.1397193957165903e-5,122
GSE60141.SPL1.Col-0_leaves_tnt_col,0.0691085003455425,0.03766666666666667,6.684574782112966e-6,0.002593615015459831,1.2680765169319989e-5,123
GSE60141.ZHD14.Col-0_leaves_tnt_col,0.028334485141672427,0.011,1.1514272906846735e-5,0.004456023614949687,2.1666642566647083e-5,124
GSE109149.WRKY18-33-40.Col-0_seedling_12d-mutant-flg22-0h,0.5715272978576365,0.4776666666666667,1.462094079940171e-5,0.00564368314856906,2.7292422825549857e-5,125
GSE48082.MAF1.Col-0_seedling_10d-genomicFLM,0.23565998617829992,0.172,1.7121337818724272e-5,0.006591715060208845,3.1706181145785686e-5,126
GSE117797.HY5.Ws_whole-plant_10d-blue-light,0.663441603317208,0.5533333333333333,1.8840043727754716e-5,0.007234576791457811,3.446335716353533e-5,127
GSE60141.NAC002.Col-0_leaves_tnt_colamp,0.11817553559087768,0.077,1.8905613072567955e-5,0.007240849806793527,3.446335716353533e-5,128
GSE60141.BEH2.Col-0_leaves_tnt_col,0.09260539046302695,0.06,1.912695131567403e-5,0.007306495402587479,3.459655276736904e-5,129
GSE60141.EICBP-B.Col-0_leaves_tnt_col,0.09191430545957152,0.05733333333333333,2.3622746518093295e-5,0.009000266423393546,4.2399801442731555e-5,130
GSE109149.WRKY18-33-40.Col-0_seedling_12d-wt-flg22-0h,0.5639253628196268,0.466,2.4307233386200397e-5,0.009236748686756151,4.329532664208722e-5,131
GSE60141.BEH3.Col-0_leaves_tnt_col,0.03731859018659295,0.017333333333333333,2.4843064166445546e-5,0.009415521319082862,4.3914507364928994e-5,132
GSE57497.SPCH.Col_seedling_4d,0.8949550794747754,0.8026666666666666,3.088084439331781e-5,0.011672959180674132,5.4176919988276855e-5,133
GSE60141.BZIP68.Col-0_leaves_tnt_col,0.1575673807878369,0.11133333333333334,4.157899588583937e-5,0.015675281448961444,7.240123661713322e-5,134
GSE60141.HY5.Col-0_leaves_tnt_colamp,0.1465100207325501,0.10133333333333333,6.743571240100972e-5,0.025355827862779654,1.1655555229804147e-4,135
GSE84483.AZF1.Col_whole-plant_30h,0.07809260539046303,0.04733333333333333,8.10828543156221e-5,0.03040607036835829,1.3911274024739086e-4,136
GSE60141.PC-MYB1.Col-0_leaves_tnt_colamp,0.14996544574982723,0.10766666666666666,8.31889796425751e-5,0.031112678386323086,1.4168439355183106e-4,137
GSE60141.GBF3.Col-0_leaves_tnt_colamp,0.1354526606772633,0.097,1.0847915045964469e-4,0.04046272312144747,1.8341885343418183e-4,138
GSE35952.APRR1.C24_seedling_2w,0.03178991015894955,0.015333333333333332,1.24600007055997e-4,0.04635120262483088,2.0916068330742901e-4,139
GSE60141.IDD4.Col-0_leaves_tnt_col,0.03939184519695923,0.020333333333333332,2.602200445144539e-4,0.09654163651486239,4.337000741907565e-4,140
GSE60141.TCP24.Col-0_leaves_tnt_col,0.013130615065653075,0.004,3.037355052700442e-4,0.11238213694991635,5.026355879173308e-4,141
GSE80564.DREB2A.Col-0_seedling_3d-EtOH,0.0995162404975812,0.071,3.236590695694243e-4,0.11943019667111757,5.318341518746409e-4,142
GSE38358.PI.Ler_flower_4w-dex,0.24395300621976504,0.185,3.559090745918863e-4,0.13097453944981416,5.807374177489986e-4,143
GSE60141.BMY2.Col-0_leaves_tnt_col,0.07394609536973047,0.047,4.8377641274896196e-4,0.17754594347886904,7.838969651024845e-4,144
GSE60141.WRKY71.Col-0_leaves_tnt_col,0.07878369039391846,0.05433333333333333,6.482222048248234e-4,0.23724932696588535,0.0010431161916721295,145
GSE60141.ZHD5.Col-0_leaves_tnt_col,0.04008293020041465,0.023,6.77664280655849e-4,0.24734746243938488,0.0010830251060709914,146
GSE40329.RPS4.Col-0_leaves_3-5w,0.0912232204561161,0.063,6.839518813811785e-4,0.24895848482274896,0.0010856379069542515,147
GSE60141.WRKY24.Col-0_leaves_tnt_col,0.01520387007601935,0.005666666666666667,6.979748973478108e-4,0.25336488773725535,0.001100410874196999,148
GSE95301.AGO1.Col-0_seedling_10d-wt_Flg22control,0.7802349689011748,0.673,7.072031372924726e-4,0.2560075356998751,0.0011074769487801584,149
GSE60141.ANL2.Col-0_leaves_tnt_col,0.017277125086385625,0.007,7.54042665496776e-4,0.27220940224433615,0.0011729552574394292,150
GSE60141.ATMYB119.Col-0_leaves_tnt_colamp,0.18175535590877678,0.14533333333333334,8.257174706517132e-4,0.2972582894346168,0.0012759431113823383,151
GSE60141.ATHB-15.Col-0_leaves_tnt_col,0.010366275051831375,0.003,8.422355951437216e-4,0.30236257865659605,0.0012929055188609761,152
GSE60141.ZHD1.Col-0_leaves_tnt_col,0.04768486523842433,0.029,8.680894026379828e-4,0.3107760061443978,0.0013238836205808015,153
GSE54881.SVP.Col-0_seedling_2w-flc-3,0.08914996544574982,0.059,8.908239143486241e-4,0.3180241374224588,0.001349733203558521,154
GSE95301.AGO1.Col-0_seedling_10d-wt_Coldcontrol,0.6917760884588804,0.5833333333333334,9.394658278596106e-4,0.33444983471802137,0.001410845194455676,155
GSE60554.MYB3R-3.Col-0_seedling_9d,0.2453351762266759,0.19866666666666666,9.432507871503662e-4,0.33485402943838,0.001410845194455676,156
GSE60141.AT5G47660.Col-0_leaves_tnt_colamp,0.21976503109882514,0.175,0.001320568638159844,0.4674812979085848,0.0019626285492821464,157
GSE30711.FHY3.No-0_seedling_4d-dark,0.082930200414651,0.059333333333333335,0.001616571756921403,0.5706498301932552,0.002387342257056924,158
GSE95301.AGO1.Col-0_seedling_10d-wt_BTHcontrol,0.8362128541810643,0.7413333333333333,0.0018382064678705212,0.6470486766904234,0.0026917726037171286,159
GSE60141.ATHB-9.Col-0_leaves_tnt_col,0.03178991015894955,0.018333333333333333,0.0018457869282631739,0.647871211820374,0.0026917726037171286,160
GSE60141.TCP3.Col-0_leaves_tnt_col,0.008984105044920525,0.0026666666666666666,0.0019968820284976133,0.6989087099741647,0.00289403192535886,161
GSE60141.DREB1C.Col-0_leaves_tnt_colamp,0.1990324809951624,0.15833333333333333,0.0020241914292471073,0.7064428088072404,0.0029155020585863683,162
GSE60141.BHLH28.Col-0_leaves_tnt_col,0.0635798203178991,0.041666666666666664,0.002316927695434822,0.8062908380113181,0.003316665412687884,163
GSE60141.TGA4.Col-0_leaves_tnt_colamp,0.12854181064270906,0.1,0.002593093313832151,0.8998033798997565,0.003689360405858751,164
GSE60141.WRKY70.Col-0_leaves_tnt_col,0.0442294402211472,0.027666666666666666,0.0026694419970615477,0.9236269309832955,0.003774968480693098,165
GSE60141.WRKY30.Col-0_leaves_tnt_colamp,0.04630269523151347,0.03,0.0028931423211508147,0.9981341007970311,0.0040666659132641975,166
GSE60141.AT4G16150.Col-0_leaves_tnt_col,0.027643400138217002,0.015333333333333332,0.0030432372376361714,1,0.004252028076537564,167
GSE60141.SPL9.Col-0_leaves_tnt_col,0.038700760193503804,0.023,0.0031321277769524422,1,0.004350177467989503,168
GSE60141.AtbZIP3.Col-0_leaves_tnt_col,0.11679336558396683,0.08766666666666667,0.0032042366445895355,1,0.004423995367283382,169
GSE60141.BEH4.Col-0_leaves_tnt_col,0.05736005528680028,0.03866666666666667,0.0035662336336261544,1,0.0048948304775260935,170
GSE60141.ERF027.Col-0_leaves_tnt_colamp,0.15480304077401522,0.122,0.003629858023764831,1,0.0049530226445134145,171
GSE60141.VRN1.Col-0_leaves_tnt_col,0.0746371803731859,0.052,0.0036866009166955623,1,0.005001202793966848,172
GSE60141.WRKY27.Col-0_leaves_tnt_col,0.011748445058742226,0.004666666666666667,0.003919067563539437,1,0.005285832937336428,173
GSE95301.AGO1.Col-0_seedling_10d-wt_IAA,0.8009675190048376,0.7153333333333334,0.004154985544989834,1,0.00557181969634652,174
GSE95301.AGO1.Col-0_seedling_10d-wt-BTH,0.8037318590186593,0.706,0.004210836662538458,1,0.0056144488833846104,175
GSE40329.RPS4.Col-0_leaves_3-5w-eds1,0.1022805805114029,0.075,0.004425031330435607,1,0.0058665188092896295,176
GSE60141.SPL14.Col-0_leaves_tnt_col,0.04837595024187975,0.03266666666666666,0.004520751813800629,1,0.005959559829869003,177
GSE60011.AT1G14580.Col-0_roots,0.13337940566689702,0.103,0.004744881049198337,1,0.006219881525166358,178
GSE60141.BZR1.Col-0_leaves_tnt_col,0.014512785072563926,0.006666666666666667,0.005165802571824909,1,0.0067338208571274425,179
GSE60141.BPE.Col-0_leaves_tnt_col,0.010366275051831375,0.004,0.005232159300796226,1,0.006782428723254367,180
GSE60141.AT5G58900.Col-0_leaves_tnt_colamp,0.26123013130615064,0.22066666666666668,0.00570272433046517,1,0.007351578326566517,181
GSE60141.LHY.Col-0_leaves_tnt_col,0.0608154803040774,0.043333333333333335,0.005937663065670956,1,0.007612388545731994,182
GSE95301.AGO1.Col-0_seedling_10d-wt_MeJAcontrol,0.4132688320663442,0.349,0.006361003039917656,1,0.008074495437255304,183
GSE60141.WRKY22.Col-0_leaves_tnt_col,0.04906703524533518,0.03266666666666666,0.0063673164019498974,1,0.008074495437255304,184
GSE60141.BZIP28.Col-0_leaves_tnt_col,0.0359364201796821,0.023,0.006495950302335169,1,0.008193090471413726,185
GSE48793.ERF115.Ler_cell_suspension_2d,0.0608154803040774,0.042666666666666665,0.006592725947892782,1,0.008270444737499907,186
GSE60141.ATHB-23.Col-0_leaves_tnt_col,0.0221147201105736,0.012333333333333333,0.006711674052777989,1,0.008374637855516207,187
GSE60141.WRKY8.Col-0_leaves_tnt_col,0.019350380096751902,0.010333333333333333,0.006909818383459549,1,0.008576015724151922,188
GSE95301.AGO1.Col-0_seedling_10d-wt_Flg22,0.6510020732550104,0.57,0.007839816525019241,1,0.009678785833357087,189
GSE60141.TGA6.Col-0_leaves_tnt_col,0.07049067035245335,0.05266666666666667,0.008622144226941096,1,0.010588598173436435,190
GSE60141.AtbZIP48.Col-0_leaves_tnt_colamp,0.1375259156876296,0.10833333333333334,0.009079702658726893,1,0.011092132392860077,191
GSE60141.WRKY29.Col-0_leaves_tnt_col,0.0165860400829302,0.008666666666666666,0.009478903119034538,1,0.011499356275399303,192
GSE60141.TGA10.Col-0_leaves_tnt_colamp,0.11402902557014513,0.09033333333333333,0.009511610404937424,1,0.011499356275399303,193
GSE95301.AGO1.Col-0_seedling_10d-wt_Cold,0.7442985487214927,0.6606666666666666,0.009978480192158978,1,0.012001608478541724,194
GSE60141.DREB1A.Col-0_leaves_tnt_col,0.07671043538355218,0.058,0.010138682170159823,1,0.012131756442926285,195
GSE60141.GT-4.Col-0_leaves_tnt_colamp,0.021423635107118175,0.012,0.01196663224888777,1,0.01424599077248544,196
GSE60141.RAP2-10.Col-0_leaves_tnt_col,0.06496199032480995,0.047,0.012078666113856617,1,0.014306372723688038,197
GSE117797.HY5.Ws_whole-plant_10d-red-light,0.4388389771941949,0.379,0.012531490319899563,1,0.014767749535235174,198
GSE60141.TCP21.Col-0_leaves_tnt_col,0.04561161022805805,0.03166666666666667,0.012978408258368707,1,0.015217564122040358,199
GSE97499.GATA22.Col-0_whole-rosette-leaves_3w,0.03731859018659295,0.025,0.01478784361541015,1,0.01725248421797851,200
GSE60141.DREB1E.Col-0_leaves_tnt_col,0.10711817553559087,0.08466666666666667,0.015854723424460322,1,0.018405151570683627,201
GSE45846.SOC1.Col-0_whole-plant_18d,0.0801658604008293,0.062,0.01734513733142772,1,0.020035637181517164,202
GSE60141.WRKY3.Col-0_leaves_tnt_col,0.03178991015894955,0.021333333333333333,0.017726692599079566,1,0.02037550873457421,203
GSE60141.TCP22.Col-0_leaves_tnt_col,0.04008293020041465,0.027666666666666666,0.017816426948201566,1,0.02037826611722401,204
GSE60141.ENY.Col-0_leaves_tnt_col,0.006910850034554251,0.0026666666666666666,0.01839228237283467,1,0.020934305139811815,205
GSE89889.FLC.Col-FRI_aerial-part_2w,0.04561161022805805,0.032,0.019130497372000285,1,0.02159394565895016,206
GSE60141.TGA9.Col-0_leaves_tnt_col,0.056668970283344854,0.042666666666666665,0.019156914648868643,1,0.02159394565895016,207
GSE60141.WRKY45.Col-0_leaves_tnt_col,0.04077401520387008,0.029,0.019503254279638386,1,0.02187865063420973,208
GSE65876.HAT3.Col-0_whole-plant_10d,0.010366275051831375,0.005333333333333333,0.020349488745502995,1,0.022718727467068732,209
GSE60141.ERF035.Col-0_leaves_tnt_colamp,0.12508638562543192,0.10233333333333333,0.021806151835072913,1,0.02422905759452546,210
GSE60141.WRKY15.Col-0_leaves_tnt_col,0.03731859018659295,0.024666666666666667,0.022265083028816076,1,0.0246217347870004,211
GSE60141.SPL3.Col-0_leaves_tnt_colamp,0.0110573600552868,0.005666666666666667,0.02487241834879373,1,0.02711945925880936,213
GSE60141.GT-3A.Col-0_leaves_tnt_col,0.0110573600552868,0.005666666666666667,0.02487241834879373,1,0.02711945925880936,213
GSE60141.JKD.Col-0_leaves_tnt_col,0.0110573600552868,0.005666666666666667,0.02487241834879373,1,0.02711945925880936,213
GSE60141.ATHB-X.Col-0_leaves_tnt_col,0.008984105044920525,0.004333333333333333,0.0283497915478252,1,0.030767215633298668,215
GSE60141.GBF3.Col-0_leaves_tnt_col,0.07878369039391846,0.06266666666666666,0.028951362931359127,1,0.031162188303729507,216
GSE60141.CDF5.Col-0_leaves_tnt_col,0.06979958534899793,0.05366666666666667,0.028980835122468445,1,0.031162188303729507,217
GSE60141.WRKY33.Col-0_leaves_tnt_col,0.03800967519004837,0.027666666666666666,0.03120814751252344,1,0.03340321599199757,218
GSE60141.TCP20.Col-0_leaves_tnt_col,0.03248099516240498,0.023,0.031568045790644456,1,0.033634143155937775,219
GSE97499.GATA21.Col-0_whole-rosette-leaves_3w,0.2073255010366275,0.178,0.031883088730683615,1,0.03381539713860383,220
GSE60141.MYB58.Col-0_leaves_tnt_col,0.04284727021423635,0.032,0.03271814019918055,1,0.03454403942598248,221
GSE60141.BHLH74.Col-0_leaves_tnt_col,0.006219765031098825,0.0026666666666666666,0.03604171573812115,1,0.03788168320823544,222
GSE60141.WRKY50.Col-0_leaves_tnt_col,0.0165860400829302,0.010666666666666666,0.038717137186410754,1,0.04051120482883039,223
GSE60141.HHO5.Col-0_leaves_tnt_col,0.07601935038009675,0.059333333333333335,0.042017640558911454,1,0.04376837558219943,224
GSE60141.PHL12.Col-0_leaves_tnt_colamp,0.09329647546648238,0.07166666666666667,0.04266033636309785,1,0.044240348820990365,225
GSE60141.RVE6.Col-0_leaves_tnt_col,0.0442294402211472,0.034,0.04307363778859119,1,0.04447130745134783,226
GSE60141.ATMYB119.Col-0_leaves_tnt_col,0.05736005528680028,0.04466666666666667,0.04339013099860301,1,0.04460072202499575,227
GSE60141.AT2G20110.Col-0_leaves_tnt_colamp,0.31928127159640635,0.285,0.046984080237552815,1,0.048047575342578815,228
GSE60141.TGA7.Col-0_leaves_tnt_col,0.02626123013130615,0.018,0.047155263229073784,1,0.048047575342578815,229
GSE60141.WRKY25.Col-0_leaves_tnt_col,0.03178991015894955,0.023333333333333334,0.04871470136790493,1,0.049420711532657174,230
GSE60141.AGL15.Col-0_leaves_tnt_col,0.029716655148583276,0.021,0.04904384302220625,1,0.049539235375965905,231
GSE60141.TINY.Col-0_leaves_tnt_col,0.05736005528680028,0.047,0.049844169617160004,1,0.05013063036208621,232
GSE60141.AT3G11280.Col-0_leaves_tnt_col,0.013130615065653075,0.008,0.05072745963617046,1,0.050800031109183574,233
GSE60141.RVE5.Col-0_leaves_tnt_col,0.05114029025570145,0.041,0.05822289120962484,1,0.05805701402669143,234
GSE60141.WRKY28.Col-0_leaves_tnt_col,0.04561161022805805,0.036333333333333336,0.06104141340121388,1,0.060608495575673355,235
GSE60141.TGA4.Col-0_leaves_tnt_col,0.025570145127850726,0.018,0.06315171875567475,1,0.06243814001267278,236
GSE60141.WRKY14.Col-0_leaves_tnt_col,0.017277125086385625,0.011666666666666667,0.06436235522998704,1,0.06336659445990285,237
GSE60141.FAR1.Col-0_leaves_tnt_col,0.028334485141672427,0.021333333333333333,0.06499640183406276,1,0.06372196258241447,238
GSE60141.NAC029.Col-0_leaves_tnt_col,0.02073255010366275,0.014,0.0657637752624891,1,0.06420452257146773,239
GSE60141.NAC101.Col-0_leaves_tnt_col,0.05459571527297857,0.042333333333333334,0.06691442223927156,1,0.06505568828818067,240
GSE60141.MYB118.Col-0_leaves_tnt_colamp,0.06772633033863165,0.05433333333333333,0.0680546807608847,1,0.0658897324102618,241
GSE60141.SMB.Col-0_leaves_tnt_col,0.07118175535590877,0.059333333333333335,0.06864274230687711,1,0.06618446227935809,242
GSE60141.WRKY20.Col-0_leaves_tnt_col,0.013821700069108501,0.009,0.07038418322909981,1,0.06758426373164592,243
GSE60141.PHL11.Col-0_leaves_tnt_col,0.03939184519695923,0.029666666666666668,0.07673399959611808,1,0.07337950781049543,244
GSE60141.TGA2.Col-0_leaves_tnt_col,0.01796821008984105,0.012,0.07787438910024008,1,0.0741660848573715,245
GSE60141.ATMYB13.Col-0_leaves_tnt_col,0.0248790601243953,0.017666666666666667,0.08048823438910811,1,0.07634385375660661,246
GSE60141.STOP1.Col-0_leaves_tnt_colamp,0.0110573600552868,0.007,0.0814574849628953,1,0.07664010681992836,247.5
GSE60141.SGR5.Col-0_leaves_tnt_col,0.0110573600552868,0.007,0.0814574849628953,1,0.07664010681992836,247.5
GSE33120.SVP.Col-0_seedling_4d,0.0304077401520387,0.024333333333333332,0.08191512418263895,1,0.07675751492474348,249
GSE60141.AT2G20400.Col-0_leaves_tnt_col,0.0027643400138217,0.001,0.08224019456222514,1,0.07675751492474348,250
GSE60141.WRKY6.Col-0_leaves_tnt_col,0.006219765031098825,0.003333333333333333,0.08342840748040574,1,0.07755628849440109,251
GSE60141.ANAC075.Col-0_leaves_tnt_col,0.0221147201105736,0.016666666666666666,0.08869691991389596,1,0.08212677769805181,252
GSE60141.TCP15.Col-0_leaves_tnt_colamp,0.029716655148583276,0.023,0.09026845528043619,1,0.08325153978432849,253
GSE60141.PC-MYB1.Col-0_leaves_tnt_col,0.09536973047684866,0.08366666666666667,0.09083194499365274,1,0.08344141928550776,254
GSE60141.ERF027.Col-0_leaves_tnt_col,0.0801658604008293,0.068,0.09313152349950245,1,0.08521838751588459,255
GSE60141.DOF2-2.Col-0_leaves_tnt_col,0.017277125086385625,0.012333333333333333,0.09389230779678523,1,0.0855789263772782,256
GSE60141.AT3G42860.Col-0_leaves_tnt_col,0.01520387007601935,0.010666666666666666,0.0978151821344027,1,0.08880755835808285,257
GSE60141.PDF2.Col-0_leaves_tnt_col,0.0055286800276434,0.003,0.10027379047993822,1,0.0906868906149312,258
GSE60141.HAT5.Col-0_leaves_tnt_col,0.00138217000691085,3.333333333333333e-4,0.10353447845938277,1,0.09327430491836285,259
GSE38358.AP3.Ler_flower_4w-dex,0.17760884588804424,0.15733333333333333,0.10624162111650709,1,0.09534504459173714,260
GSE60141.ANAC076.Col-0_leaves_tnt_col,0.04906703524533518,0.041,0.10776104331858037,1,0.09633809747510377,261
GSE104368.EBS.Col-0_seedling_10d,0.060124395300621976,0.052,0.11175446182057572,1,0.09929771489455191,262
GSE60141.BPC1.Col-0_leaves_tnt_col,0.009675190048375951,0.006333333333333333,0.11192271007400209,1,0.09929771489455191,263
GSE60141.SRM1.Col-0_leaves_tnt_colamp,0.0580511402902557,0.04833333333333333,0.11587185892894461,1,0.1024119965281076,264
GSE60141.ERF039.Col-0_leaves_tnt_col,0.035245335176226675,0.029,0.11757341658792393,1,0.10352376303339214,265
GSE60141.GT-1.Col-0_leaves_tnt_col,0.0034554250172771253,0.0016666666666666668,0.11908189533773934,1,0.10406657520152002,266.5
GSE60141.BHLH104.Col-0_leaves_tnt_col,0.0034554250172771253,0.0016666666666666668,0.11908189533773934,1,0.10406657520152002,266.5
GSE80564.HSFA6A.Col-0_seedling_3d-EtOH,0.0110573600552868,0.007333333333333333,0.12020337880534088,1,0.1046546830394759,268
GSE60141.WRKY65.Col-0_leaves_tnt_col,0.0082930200414651,0.005333333333333333,0.12123650251339896,1,0.10516177417519117,269
GSE60141.AT2G40260.Col-0_leaves_tnt_col,0.015894955079474776,0.011666666666666667,0.1221735587804673,1,0.10558208783497174,270
GSE60141.NTL8.Col-0_leaves_tnt_col,0.013130615065653075,0.009333333333333334,0.12302829707483794,1,0.105630461361082,271
GSE60141.ANAC103.Col-0_leaves_tnt_col,0.019350380096751902,0.014666666666666666,0.12316834016728925,1,0.105630461361082,272
GSE60141.DPBF3.Col-0_leaves_tnt_col,0.082930200414651,0.07033333333333333,0.12358763979246595,1,0.105630461361082,273
GSE79354.HSFA1A.Col-0_seedling_12d-15min-27c,0.04284727021423635,0.035333333333333335,0.12808008943509952,1,0.10907063577198255,274
GSE60141.DREB1C.Col-0_leaves_tnt_col,0.04077401520387008,0.034,0.12863884986906562,1,0.10914811504041931,275
GSE60141.NAC007.Col-0_leaves_tnt_col,0.0359364201796821,0.029,0.12951057616066508,1,0.10933411353918397,276
GSE95301.AGO1.Col-0_seedling_10d-wt_MeJA,0.39875604699378026,0.346,0.1297952119300884,1,0.10933411353918397,277
GSE60141.DREB1B.Col-0_leaves_tnt_col,0.0746371803731859,0.06466666666666666,0.13049523342371175,1,0.1095283733772161,278
GSE95301.AGO1.Col-0_seedling_10d-wt_IAAcontrol,0.7767795438838977,0.724,0.13107365150768663,1,0.10961954128480364,279
GSE60141.NAC078.Col-0_leaves_tnt_colamp,0.09606081548030408,0.081,0.13801492233226087,1,0.11480771752523382,280
GSE60141.NAC029.Col-0_leaves_tnt_colamp,0.019350380096751902,0.014333333333333333,0.13826129410538876,1,0.11480771752523382,281
GSE60141.E2F3.Col-0_leaves_tnt_col,0.0055286800276434,0.0033333333333333335,0.14005762709209196,1,0.1152215250160826,282.5
GSE60141.DREB2D.Col-0_leaves_tnt_col,0.0055286800276434,0.0033333333333333335,0.14005762709209196,1,0.1152215250160826,282.5
GSE60141.ANAC016.Col-0_leaves_tnt_col,0.05943331029716655,0.051333333333333335,0.14024105616243196,1,0.1152215250160826,284
GSE60141.ATHB-51.Col-0_leaves_tnt_col,0.0027643400138217,0.0013333333333333333,0.14576191408083988,1,0.11933723959834844,285
GSE60141.LBD19.Col-0_leaves_tnt_col,0.04008293020041465,0.032,0.14732187984939807,1,0.12019267586780727,286
GSE60141.RAV1.Col-0_leaves_tnt_col,0.013821700069108501,0.010333333333333333,0.15305173099465302,1,0.12427133393796257,287
GSE60141.MYR2.Col-0_leaves_tnt_col,0.027643400138217002,0.022,0.15338633217485664,1,0.12427133393796257,288
GSE60141.JUB1.Col-0_leaves_tnt_col,0.0359364201796821,0.029333333333333333,0.15642029625749523,1,0.12629089663234908,289
GSE30711.FHY3.No-0_seedling_4d-far-red,0.051831375259156875,0.04566666666666667,0.15841731288897284,1,0.1271139646420065,290
GSE60141.ERF019.Col-0_leaves_tnt_col,0.014512785072563926,0.011333333333333334,0.15852927304638814,1,0.1271139646420065,291
GSE60141.HHO2.Col-0_leaves_tnt_col,0.0248790601243953,0.019,0.15913886888868695,1,0.12716576281059458,292
GSE60141.MYB56.Col-0_leaves_tnt_col,0.024187975120939877,0.019666666666666666,0.1630767243155007,1,0.12986769854476732,293
GSE60141.S1FA3.Col-0_leaves_tnt_col,0.025570145127850726,0.020333333333333332,0.16474378593832478,1,0.13074903645898792,294
GSE60141.RVE7.Col-0_leaves_tnt_col,0.025570145127850726,0.021666666666666667,0.16608070015168475,1,0.1313632656566998,295
GSE60141.HHO3.Col-0_leaves_tnt_colamp,0.02902557014512785,0.02266666666666667,0.16823418812161686,1,0.13261704018595924,296
GSE60141.ANAC103.Col-0_leaves_tnt_colamp,0.017277125086385625,0.013333333333333334,0.17135918080770118,1,0.1346256190408427,297
GSE60141.AT3G10030.Col-0_leaves_tnt_colamp,0.038700760193503804,0.03333333333333333,0.1778545202942153,1,0.13859124052887212,298
GSE85651.HSFA1B.Col-0_leaves_5w-mutant-HS,0.018659295093296474,0.014333333333333333,0.17846932479276786,1,0.13859124052887212,299
GSE60141.NAC031.Col-0_leaves_tnt_col,0.01796821008984105,0.014333333333333333,0.17912312961663132,1,0.13859124052887212,300
GSE60141.HSFA6B.Col-0_leaves_tnt_col,0.010366275051831375,0.007666666666666666,0.1797858733019875,1,0.13859124052887212,301
GSE60141.MYB83.Col-0_leaves_tnt_col,0.0034554250172771253,0.002,0.1800474201747768,1,0.13859124052887212,302.5
GSE60141.PLT1.Col-0_leaves_tnt_col,0.0034554250172771253,0.002,0.1800474201747768,1,0.13859124052887212,302.5
GSE60141.LBD23.Col-0_leaves_tnt_col,0.002073255010366275,0.001,0.18056458766047337,1,0.13859124052887212,304
GSE60141.CDF3.Col-0_leaves_tnt_col,0.033863165169315826,0.027666666666666666,0.18410281697048603,1,0.1406113093487267,305
GSE60141.NAC037.Col-0_leaves_tnt_col,0.0414651002073255,0.036,0.1844016885459016,1,0.1406113093487267,306
GSE60141.WRKY31.Col-0_leaves_tnt_colamp,0.0055286800276434,0.0036666666666666666,0.18627175293776954,1,0.14111496434679507,307.5
GSE60141.EMB1789.Col-0_leaves_tnt_col,0.0055286800276434,0.0036666666666666666,0.18627175293776954,1,0.14111496434679507,307.5
GSE60141.WRKY18.Col-0_leaves_tnt_col,0.025570145127850726,0.021666666666666667,0.18765475253628253,1,0.14170261788068797,309
GSE60141.NAC053.Col-0_leaves_tnt_colamp,0.04561161022805805,0.04,0.1891941960426383,1,0.14195712761954773,310
GSE60141.MYB107.Col-0_leaves_tnt_col,0.020041465100207326,0.016666666666666666,0.1892085715271972,1,0.14195712761954773,311
GSE60141.ERF011.Col-0_leaves_tnt_col,0.06219765031098825,0.056,0.19109526438684205,1,0.14291312507562973,312
GSE60141.BIM1.Col-0_leaves_tnt_col,0.011748445058742226,0.009,0.1928558720838235,1,0.1437690207227651,313
GSE60141.NAC004.Col-0_leaves_tnt_col,0.02902557014512785,0.025,0.19699551632630352,1,0.14638732635712576,314
GSE60141.WIP5.Col-0_leaves_tnt_col,0.00414651002073255,0.0026666666666666666,0.20465294061375608,1,0.15111504053758362,315.5
GSE60141.MYB57.Col-0_leaves_tnt_col,0.00414651002073255,0.0026666666666666666,0.20465294061375608,1,0.15111504053758362,315.5
GSE60141.MYB98.Col-0_leaves_tnt_col,0.026952315134761574,0.02266666666666667,0.20911725984704727,1,0.15392437633326295,317
GSE60141.TGA5.Col-0_leaves_tnt_col,0.0525224602626123,0.04733333333333333,0.21197759448436973,1,0.1555391154497472,318
GSE85651.HSFA1B.Col-0_leaves_5w-wt-HS,0.020041465100207326,0.017333333333333333,0.21333274144529193,1,0.15600864715813265,319
GSE60141.AT5G56840.Col-0_leaves_tnt_col,0.010366275051831375,0.008,0.21395471610258193,1,0.15600864715813265,320
GSE60141.NAC92.Col-0_leaves_tnt_col,0.0110573600552868,0.009,0.22038551933871234,1,0.16019715839781787,321
GSE60141.WRKY21.Col-0_leaves_tnt_col,0.0048375950241879755,0.0033333333333333335,0.22321050246961913,1,0.16174674092001384,322
GSE60141.AT3G49930.Col-0_leaves_tnt_col,0.03800967519004837,0.03266666666666666,0.22703596315360228,1,0.16400946770642064,323
GSE60141.NAC035.Col-0_leaves_tnt_col,0.026952315134761574,0.024,0.23346848966675302,1,0.1681357435871678,324
GSE60141.SPL13A.Col-0_leaves_tnt_col,0.0055286800276434,0.004,0.23773414681798474,1,0.1706809259206044,325
GSE60141.EFM.Col-0_leaves_tnt_col,0.05874222529371113,0.05266666666666667,0.24112810833218604,1,0.17258658060585913,326
GSE60141.MYB88.Col-0_leaves_tnt_col,0.009675190048375951,0.007666666666666666,0.24487850009317647,1,0.17473491342020744,327
GSE60141.MYB3R5.Col-0_leaves_tnt_col,0.0110573600552868,0.009,0.2556789448535915,1,0.18133258500254718,328.5
GSE60141.RVE4.Col-0_leaves_tnt_col,0.0110573600552868,0.009,0.2556789448535915,1,0.18133258500254718,328.5
GSE60141.ZAT10.Col-0_leaves_tnt_col,0.013821700069108501,0.011,0.26720038471588103,1,0.18807602633221665,330
GSE79354.HSFA1A.Col-0_seedling_12d-15min-37c,0.04906703524533518,0.043,0.26799876466530864,1,0.18807602633221665,331
GSE60141.MYB61.Col-0_leaves_tnt_col,0.00414651002073255,0.003,0.2684113575798349,1,0.18807602633221665,332.5
GSE60141.DOF4-7.Col-0_leaves_tnt_col,0.00414651002073255,0.003,0.2684113575798349,1,0.18807602633221665,332.5
GSE60141.AT1G49010.Col-0_leaves_tnt_col,0.0082930200414651,0.006666666666666667,0.27391160403555337,1,0.1913554120008856,334
GSE60141.HSFB4.Col-0_leaves_tnt_col,0.002073255010366275,0.0013333333333333333,0.27998230658173906,1,0.19501255184797744,335
GSE60141.ANAC057.Col-0_leaves_tnt_colamp,0.04837595024187975,0.043,0.28573389953576234,1,0.1979829183309981,336
GSE60141.MYR2.Col-0_leaves_tnt_colamp,0.03731859018659295,0.034,0.2859439006180558,1,0.1979829183309981,337
GSE79354.HSFA1A.Col-0_seedling_12d-15min-17c,0.051831375259156875,0.048666666666666664,0.2918699546016512,1,0.20132222708684533,338
GSE60141.SVP.Col-0_leaves_tnt_col,0.011748445058742226,0.009333333333333334,0.292492435639031,1,0.20132222708684533,339
GSE69422.FHY3.Ler-0_inflorescence_stage8-flower,0.028334485141672427,0.025,0.30026155241224717,1,0.20606184969467942,340
GSE60141.TGA3.Col-0_leaves_tnt_col,0.013821700069108501,0.011333333333333334,0.30167488736712067,1,0.20642465411239927,341
GSE60141.MYB99.Col-0_leaves_tnt_colamp,0.03731859018659295,0.034666666666666665,0.3074145569153722,1,0.20973702713524417,342
GSE60141.ERF010.Col-0_leaves_tnt_col,0.0165860400829302,0.015,0.3130646257114534,1,0.21296913313704313,343
GSE85651.HSFA1B.Col-0_leaves_5w-wt-NS,0.007601935038009675,0.006333333333333333,0.31417064740312545,1,0.21310024533157731,344
GSE60141.MYB96.Col-0_leaves_tnt_col,0.0034554250172771253,0.0026666666666666666,0.3240959151357586,1,0.21919530492273528,345
GSE60141.ANAC050.Col-0_leaves_tnt_col,0.03248099516240498,0.030333333333333334,0.3275220594447312,1,0.22054691109849642,346
GSE60141.NAC010.Col-0_leaves_tnt_col,0.031098825155494125,0.029333333333333333,0.3279847635050497,1,0.22054691109849642,347
GSE60141.ERF037.Col-0_leaves_tnt_col,0.056668970283344854,0.051333333333333335,0.3354225604544403,1,0.22445746590561882,348
GSE60141.HB-5.Col-0_leaves_tnt_col,0.00414651002073255,0.0033333333333333335,0.3357242382902613,1,0.22445746590561882,349
GSE60141.HHO5.Col-0_leaves_tnt_colamp,0.043538355217691775,0.03866666666666667,0.3416112540781951,1,0.22774083605213008,350
GSE60141.AT3G10030.Col-0_leaves_tnt_col,0.01796821008984105,0.016,0.34464102672164754,1,0.22910609563642287,351
GSE60141.PHL1.Col-0_leaves_tnt_col,0.025570145127850726,0.023,0.34824806860878355,1,0.23084625760051938,352
GSE60141.MYB44.Col-0_leaves_tnt_col,0.0248790601243953,0.023,0.3495375007228354,1,0.23104461804153428,353
GSE60141.ANAC094.Col-0_leaves_tnt_col,0.0055286800276434,0.004666666666666667,0.35059458825435774,1,0.23108871165541472,354
GSE60141.ERF017.Col-0_leaves_tnt_col,0.06703524533517623,0.064,0.36743549810452414,1,0.241506900162598,355
GSE60141.ERF038.Col-0_leaves_tnt_col,0.036627505183137524,0.035333333333333335,0.3712115426694875,1,0.2429654662673113,356
GSE60141.NAC053.Col-0_leaves_tnt_col,0.019350380096751902,0.017,0.37532941503222866,1,0.2429654662673113,357
GSE60141.LBD16.Col-0_leaves_tnt_colamp,0.0525224602626123,0.048,0.37639087461989185,1,0.2429654662673113,358
GSE60141.ABI5.Col-0_leaves_tnt_col,0.015894955079474776,0.014666666666666666,0.37640464052269107,1,0.2429654662673113,359
GSE60141.AtMYB93.Col-0_leaves_tnt_col,0.023496890117484452,0.022,0.37646932081424045,1,0.2429654662673113,360
GSE60141.NAC101.Col-0_leaves_tnt_colamp,0.02073255010366275,0.019333333333333334,0.3768349883116843,1,0.2429654662673113,361
GSE60141.ERF4.Col-0_leaves_tnt_col,0.019350380096751902,0.018,0.3769435662375715,1,0.2429654662673113,362
GSE60141.AT5G04390.Col-0_leaves_tnt_col,0.002073255010366275,0.0016666666666666666,0.3822519190466054,1,0.24491338128238513,363.5
GSE60141.ZHD6.Col-0_leaves_tnt_col,0.002073255010366275,0.0016666666666666668,0.3822519190466054,1,0.24491338128238513,363.5
GSE60141.ANAC050.Col-0_leaves_tnt_colamp,0.06703524533517623,0.06366666666666666,0.3831145035774453,1,0.24491338128238513,365
GSE60141.AT-GTL1.Col-0_leaves_tnt_col,0.03800967519004837,0.035,0.38867166403837794,1,0.2477870353614431,366
GSE60141.HSFA1B.Col-0_leaves_tnt_col,0.033863165169315826,0.03266666666666666,0.3950496007140998,1,0.2510206623446858,367
GSE69431.TRB1.Col-0_seedling_TRB1-GFP_14d,0.49896337249481687,0.4663333333333333,0.3958954446121902,1,0.2510206623446858,368
GSE60141.ATMYB63.Col-0_leaves_tnt_col,0.0034554250172771253,0.003,0.39980871922778327,1,0.2521316247382417,369.5
GSE60141.TCP9.Col-0_leaves_tnt_col,0.0034554250172771253,0.003,0.39980871922778327,1,0.2521316247382417,369.5
GSE60141.GT-2.Col-0_leaves_tnt_col,0.043538355217691775,0.04033333333333333,0.4039404906176923,1,0.2540506230299952,371
GSE60141.CRF4.Col-0_leaves_tnt_colamp,0.021423635107118175,0.020666666666666667,0.40606498062271335,1,0.25470025666299223,372
GSE60141.ANAC057.Col-0_leaves_tnt_col,0.01520387007601935,0.014333333333333333,0.4103878806657163,1,0.25563536001859005,373.5
GSE60141.NAC69.Col-0_leaves_tnt_col,0.01520387007601935,0.014333333333333333,0.4103878806657163,1,0.25563536001859005,373.5
GSE60141.BIM1.Col-0_leaves_tnt_colamp,0.014512785072563926,0.013666666666666667,0.41084254288701977,1,0.25563536001859005,375
GSE60141.DOF2-4.Col-0_leaves_tnt_col,0.008984105044920525,0.008333333333333333,0.41262534626316494,1,0.2560618283548009,376
GSE60141.NAC078.Col-0_leaves_tnt_col,0.027643400138217002,0.026,0.4258981409623686,1,0.2635974347247197,377
GSE60141.GT-2.Col-0_leaves_tnt_colamp,0.07325501036627505,0.07,0.43656375637560185,1,0.269483800231853,378
GSE60141.RAP2-12.Col-0_leaves_tnt_col,0.0165860400829302,0.015333333333333332,0.44252188153339495,1,0.2724409121137875,379
GSE60141.PHL7.Col-0_leaves_tnt_col,0.0746371803731859,0.07333333333333333,0.443794600689947,1,0.2725054565640026,380
GSE60141.NAC017.Col-0_leaves_tnt_col,0.010366275051831375,0.009333333333333334,0.4552438995356889,1,0.2788020382108331,381
GSE60141.ERF118.Col-0_leaves_tnt_col,0.04768486523842433,0.047,0.4609644300940167,1,0.2815664058165896,382
GSE60141.DREB2E.Col-0_leaves_tnt_col,0.006910850034554251,0.006666666666666667,0.46291105490297285,1,0.2820171787920635,383
GSE60141.ANAC020.Col-0_leaves_tnt_col,0.020041465100207326,0.019666666666666666,0.4665208089063551,1,0.2830002057694906,384
GSE60141.HHO6.Col-0_leaves_tnt_col,0.020041465100207326,0.018666666666666668,0.46808785069923764,1,0.2830002057694906,385
GSE60141.NAC045.Col-0_leaves_tnt_col,0.019350380096751902,0.019,0.4681631975443859,1,0.2830002057694906,386
GSE60141.MYB27.Col-0_leaves_tnt_col,0.0027643400138217,0.0026666666666666666,0.4766033514682031,1,0.28669532828854116,387
GSE60141.NAC68.Col-0_leaves_tnt_col,0.038700760193503804,0.038,0.47673337446837416,1,0.28669532828854116,388
GSE60141.HHO2.Col-0_leaves_tnt_colamp,0.013821700069108501,0.013666666666666667,0.4834176975978455,1,0.2899677706242432,389
GSE60141.HHO6.Col-0_leaves_tnt_colamp,0.12301313061506565,0.12033333333333333,0.48703604552072827,1,0.29118802025164553,390
GSE118025.LDL1.Col-0_seedling_14d,0.035245335176226675,0.036,0.4879479253645432,1,0.29118802025164553,391
GSE60141.AtMYB81.Col-0_leaves_tnt_col,0.0110573600552868,0.011,0.4931796796601362,1,0.29355933313103344,392
GSE66289.WRKY33.Col-0_leaves_4w-mock,0.0165860400829302,0.016666666666666666,0.507877224027276,1,0.30153864021975674,393
GSE60141.HSFB2B.Col-0_leaves_tnt_colamp,0.014512785072563926,0.014666666666666666,0.5159998783238111,1,0.30558368428652094,394
GSE60141.ANAC028.Col-0_leaves_tnt_col,0.021423635107118175,0.021666666666666667,0.5208514270258026,1,0.30740440173073424,395
GSE60141.ARID6.Col-0_leaves_tnt_col,0.029716655148583276,0.029666666666666668,0.5219907699389049,1,0.30740440173073424,396
GSE60141.RKD2.Col-0_leaves_tnt_col,0.0055286800276434,0.005666666666666667,0.5230266320875778,1,0.30740440173073424,397
GSE60141.ATHB-53.Col-0_leaves_tnt_col,0.027643400138217002,0.028,0.5269908235619072,1,0.30819551156695,398
GSE60141.ERF015.Col-0_leaves_tnt_col,0.020041465100207326,0.021333333333333333,0.5270143247794845,1,0.30819551156695,399
GSE60141.ERF15.Col-0_leaves_tnt_colamp,0.12093987560469938,0.12333333333333334,0.528364934075662,1,0.30821287821080284,400
GSE60141.HAT2.Col-0_leaves_ecoli_col,0.00414651002073255,0.004666666666666667,0.5359569727061628,1,0.31117022411838047,401
GSE60141.AT5G23930.Col-0_leaves_tnt_col,0.0248790601243953,0.025333333333333333,0.5361018432668098,1,0.31117022411838047,402
GSE16940.AMS.Col_cells,0.0034554250172771253,0.004,0.5441672616110236,1,0.31506789340588626,403
GSE60141.ANAC058.Col-0_leaves_tnt_col,0.01520387007601935,0.015666666666666666,0.5465846642294142,1,0.31568421201368807,404
GSE60141.HSFB2A.Col-0_leaves_tnt_col,0.0082930200414651,0.008666666666666666,0.5504884790281672,1,0.31637268909664784,405.5
GSE60141.ERF087.Col-0_leaves_tnt_col,0.0082930200414651,0.008666666666666666,0.5504884790281672,1,0.31637268909664784,405.5
GSE60141.ERF095.Col-0_leaves_tnt_col,0.0027643400138217,0.003,0.55428544995060125,1,0.31641702866707877,407
GSE60141.AT2G33710.Col-0_leaves_tnt_col,0.03455425017277125,0.035666666666666666,0.5554537962663058,1,0.31641702866707877,408
GSE60141.AtGRF6.Col-0_leaves_tnt_col,0.007601935038009675,0.008,0.555989921800724,1,0.31641702866707877,409.5
GSE60141.DREB1F.Col-0_leaves_tnt_col,0.007601935038009675,0.008,0.555989921800724,1,0.31641702866707877,409.5
GSE60141.MYB108.Col-0_leaves_tnt_col,0.002073255010366275,0.0023333333333333335,0.5681560449406772,1,0.32255412121530735,411
GSE60141.ZHD9.Col-0_leaves_tnt_col,0.0055286800276434,0.006,0.5766081722909105,1,0.32655802637834735,412
GSE70533.CCA1.Ws-2_seedling_14d-LL-ZT14,0.0048375950241879755,0.005666666666666667,0.5857814452318856,1,0.3309499690575625,413
GSE60141.HSFB2B.Col-0_leaves_tnt_col,0.00138217000691085,0.0016666666666666668,0.5887658996853312,1,0.3318326326728919,414
GSE60141.ERF043.Col-0_leaves_tnt_col,0.01796821008984105,0.019666666666666666,0.5946823573900062,1,0.33348863329501,415
GSE60141.ERF021.Col-0_leaves_tnt_col,0.09329647546648238,0.09466666666666666,0.5953601257398496,1,0.33348863329501,416
GSE60141.LBD18.Col-0_leaves_tnt_col,0.029716655148583276,0.030333333333333334,0.5959918289315107,1,0.33348863329501,417
GSE60141.ATHB-5.Col-0_leaves_tnt_col,0.0034554250172771253,0.004,0.6086492546522329,1,0.3389454878731607,418.5
GSE60141.ABR1.Col-0_leaves_tnt_col,0.0034554250172771253,0.004,0.6086492546522329,1,0.3389454878731607,418.5
GSE60141.WRKY11.Col-0_leaves_tnt_col,0.0027643400138217,0.0033333333333333335,0.6245418060902992,1,0.3461435188148927,420.5
GSE60141.ERF086.Col-0_leaves_tnt_col,0.0027643400138217,0.0033333333333333335,0.6245418060902992,1,0.3461435188148927,420.5
GSE60141.E2FD.Col-0_leaves_tnt_col,0.0055286800276434,0.006333333333333333,0.6269109306033819,1,0.3466332159734339,422
GSE60141.ERF043.Col-0_leaves_tnt_colamp,0.0165860400829302,0.018666666666666668,0.6322674250657865,1,0.348768477183649,423
GSE60141.ERF2.Col-0_leaves_tnt_col,0.0082930200414651,0.009333333333333334,0.634690070149301,1,0.3492791266544895,424
GSE60141.LBD18.Col-0_leaves_tnt_colamp,0.16240497581202487,0.16466666666666666,0.6525938450744171,1,0.3582868169036015,425
GSE60141.HSFA1B.Col-0_leaves_tnt_colamp,0.08984105044920525,0.092,0.662113444338597,1,0.36265994603835516,426
GSE60141.ERF014.Col-0_leaves_tnt_col,0.0055286800276434,0.006666666666666667,0.6734771779480566,1,0.36696278720216513,427
GSE60141.AIL6.Col-0_leaves_tnt_col,0.00138217000691085,0.002,0.6756759777650407,1,0.36696278720216513,428
GSE60141.HSFC1.Col-0_leaves_tnt_col,0.014512785072563926,0.01633333333333333,0.6761581521899238,1,0.36696278720216513,429
GSE60141.MYB73.Col-0_leaves_tnt_col,0.05044920525224603,0.05466666666666667,0.6762599935582758,1,0.36696278720216513,430
GSE60141.TRB2.Col-0_leaves_tnt_col,0.02073255010366275,0.023,0.6844483348116522,1,0.3705443421254111,431
GSE60141.ERF5.Col-0_leaves_tnt_col,0.006910850034554251,0.008666666666666666,0.6927947309415003,1,0.37364842619732475,432
GSE60141.BHLH10.Col-0_leaves_tnt_col,0.015894955079474776,0.018333333333333333,0.6933847223290355,1,0.37364842619732475,433
GSE60141.HHO3.Col-0_leaves_tnt_col,0.03939184519695923,0.040666666666666663,0.7050977127656733,1,0.3790847918095018,434
GSE60141.NAC105.Col-0_leaves_tnt_colamp,0.013821700069108501,0.01633333333333333,0.7108259877922571,1,0.37998365524065375,435
GSE60141.ATBZIP42.Col-0_leaves_tnt_colamp,0.002073255010366275,0.003,0.7116551028864244,1,0.37998365524065375,436.5
GSE60141.NGA4.Col-0_leaves_tnt_col,0.002073255010366275,0.003,0.7116551028864244,1,0.37998365524065375,436.5
GSE60141.AIL7.Col-0_leaves_tnt_colamp,0.026952315134761574,0.03,0.7147596959027815,1,0.3807700054276614,438
GSE60141.ANAC038.Col-0_leaves_tnt_col,0.0034554250172771253,0.004666666666666667,0.7191257419051637,1,0.3822232493041872,439
GSE33120.SVP.Col-0_inflorescence-flower-meristem_2w-wt,6.91085003455425e-4,0.0013333333333333333,0.7253847013650965,1,0.3839243327111075,440
GSE60141.MYB33.Col-0_leaves_tnt_col,0.025570145127850726,0.028333333333333332,0.7256169888239932,1,0.3839243327111075,441
GSE60141.AtbZIP48.Col-0_leaves_tnt_col,0.0048375950241879755,0.006333333333333333,0.7300593637272286,1,0.3845308913536945,442.5
GSE60141.STKL2.Col-0_leaves_tnt_col,0.0048375950241879755,0.006333333333333333,0.7300593637272286,1,0.3845308913536945,442.5
GSE60141.AT1G74840.Col-0_leaves_tnt_col,0.03178991015894955,0.035333333333333335,0.7494339988951271,1,0.39328955225024875,444
GSE104369.SHL.Col-0_seedling_10d,0.028334485141672427,0.034333333333333334,0.7500593603629744,1,0.39328955225024875,445
GSE60141.AT5G60130.Col-0_leaves_tnt_colamp,0,3.333333333333333e-4,0.7564667653457458,1,0.39487452329755557,446.5
GSE58789.MBD7.Col-0_seedling_14d-wt,0,3.333333333333333e-4,0.7564667653457458,1,0.39487452329755557,446.5
GSE60141.ASIL2.Col-0_leaves_tnt_col,0.025570145127850726,0.03,0.7625524034325588,1,0.39716271012112436,448
GSE60141.AT2G20110.Col-0_leaves_tnt_col,0.018659295093296474,0.022333333333333334,0.7875590886246107,1,0.4092734684760411,449
GSE60141.RAP2-6.Col-0_leaves_tnt_col,0.01243953006219765,0.015666666666666666,0.7995760750577806,1,0.41459500188181214,450
GSE60141.NAC062.Col-0_leaves_tnt_col,0.014512785072563926,0.018333333333333333,0.8015753260763726,1,0.41471007261896586,451
GSE60141.AT1G24250.Col-0_leaves_tnt_col,0.006219765031098825,0.008666666666666666,0.8065183959790703,1,0.41634430470895956,452
GSE60141.LEP.Col-0_leaves_tnt_col,0.007601935038009675,0.010333333333333333,0.811185783120232,1,0.41765812994717166,453
GSE60141.ERF012.Col-0_leaves_tnt_col,0.002073255010366275,0.0036666666666666666,0.8129191161623694,1,0.41765812994717166,454
GSE60141.ERF15.Col-0_leaves_tnt_col,0.03800967519004837,0.043333333333333335,0.8162139033942567,1,0.41765812994717166,455
GSE60141.KUA1.Col-0_leaves_tnt_col,0.025570145127850726,0.029666666666666668,0.816223316811044,1,0.41765812994717166,456
GSE60141.MYB101.Col-0_leaves_tnt_col,0.01243953006219765,0.01633333333333333,0.8214756417472152,1,0.4194259294114155,457
GSE60141.RAP2-11.Col-0_leaves_tnt_col,0.009675190048375951,0.013,0.8307701149137873,1,0.42322226200034296,458
GSE60141.ANAC096.Col-0_leaves_tnt_colamp,0.006219765031098825,0.009333333333333334,0.8339928504123241,1,0.42322226200034296,459
GSE79453.CHR27.Col-0_seedling_6d-NHS,0.006219765031098825,0.01,0.8343524593721047,1,0.42322226200034296,460
GSE33120.SVP.Col-0_inflorescence-flower-meristem_2w-GFP,0,0.001,0.837103817119934,1,0.42369679825303963,461
GSE79453.CHR27.Col-0_seedling_6d-ACC,0.008984105044920525,0.013,0.8399328345079726,1,0.42420850227675383,462
GSE60141.KAN2.Col-0_leaves_tnt_col,0.00138217000691085,0.003,0.8455688134057253,1,0.4257093250011703,463
GSE60141.RAP2-1.Col-0_leaves_tnt_col,0.01796821008984105,0.023,0.8465534005737558,1,0.4257093250011703,464
GSE60141.ERF087.Col-0_leaves_tnt_colamp,0.08362128541810643,0.09366666666666666,0.8546302017539698,1,0.42884669622063,465
GSE60141.AT5G08750.Col-0_leaves_tnt_col,0.0027643400138217,0.005,0.8578931336599647,1,0.4295602242932584,466
GSE48082.MAF1.Col-0_seedling_10d-FLMbeta,0.008984105044920525,0.012666666666666666,0.8600502332156964,1,0.42971817505423804,467
GSE60141.NAC105.Col-0_leaves_tnt_col,0.0034554250172771253,0.006,0.8661368259060234,1,0.43091384373434,468.5
GSE60141.MYB49.Col-0_leaves_tnt_col,0.0034554250172771253,0.006,0.8661368259060234,1,0.43091384373434,468.5
GSE60141.LBD13.Col-0_leaves_tnt_colamp,0.042156185210780926,0.05,0.8683204234669126,1,0.43108106129563034,470
GSE60141.AtMYB70.Col-0_leaves_tnt_col,0.04561161022805805,0.054,0.87600594777787,1,0.4339732225368075,471
GSE60141.HSFA6A.Col-0_leaves_tnt_colamp,0.002073255010366275,0.004333333333333333,0.8808672301765962,1,0.43533420965873176,472
GSE60141.ERF091.Col-0_leaves_tnt_col,0.0048375950241879755,0.008,0.8824846335796291,1,0.43533420965873176,473
GSE60141.AT4G33280.Col-0_leaves_tnt_col,0,0.001,0.8856010030384461,1,0.4359498608487428,474
GSE60141.AT1G19000.Col-0_leaves_tnt_col,0.02902557014512785,0.035333333333333335,0.8885269877027693,1,0.43646939746802704,475
GSE60141.ERF003.Col-0_leaves_tnt_col,0.031098825155494125,0.03833333333333333,0.8994787877640332,1,0.4405739615266911,476
GSE60141.AT5G61620.Col-0_leaves_tnt_col,0.014512785072563926,0.021,0.9006590556352786,1,0.4405739615266911,477
GSE60141.LBD13.Col-0_leaves_tnt_col,0.00138217000691085,0.0036666666666666666,0.906922495129287,1,0.44270972565585837,478
GSE60141.AT5G05550.Col-0_leaves_tnt_colamp,0.0221147201105736,0.03,0.909416783445986,1,0.4430005208157204,479
GSE60141.MYB3R4.Col-0_leaves_tnt_col,0.033863165169315826,0.043,0.9205293232402348,1,0.4474795321306697,480
GSE60141.ERF8.Col-0_leaves_tnt_col,0.009675190048375951,0.015,0.9270170077431151,1,0.4493764128239304,481
GSE60141.ANAC13.Col-0_leaves_tnt_col,0.017277125086385625,0.023666666666666666,0.9282832756334335,1,0.4493764128239304,482
GSE60141.ERF115.Col-0_leaves_tnt_col,0.019350380096751902,0.027,0.9313785331908734,1,0.44994132038206447,483
GSE60141.ERF109.Col-0_leaves_tnt_col,0.007601935038009675,0.012666666666666666,0.9352098506139633,1,0.45048752459316377,484
GSE60141.ANAC096.Col-0_leaves_tnt_col,0.0110573600552868,0.017333333333333333,0.936370497547219,1,0.45048752459316377,485
GSE60141.AIL7.Col-0_leaves_tnt_col,0,0.0016666666666666668,0.9398920435725227,1,0.4508464517373241,486
GSE60141.LOB.Col-0_leaves_tnt_col,0.013130615065653075,0.019,0.9439137515909759,1,0.4508464517373241,487
GSE60141.AS2.Col-0_leaves_tnt_col,0.00138217000691085,0.004333333333333333,0.944109058677917,1,0.4508464517373241,488
GSE60141.ERF11.Col-0_leaves_tnt_col,0.023496890117484452,0.03166666666666667,0.9448453495695065,1,0.4508464517373241,489
GSE56706.AL5.Col-0_whole-plant_3w-mutant,6.91085003455425e-4,0.0033333333333333335,0.9517313292821057,1,0.45320539489624084,490
GSE60141.AT1G72740.Col-0_leaves_tnt_col,0.00138217000691085,0.004666666666666667,0.9567201320995428,1,0.4539594547557149,491
GSE60141.ERF3.Col-0_leaves_tnt_col,0.019350380096751902,0.028333333333333332,0.9578142584351528,1,0.4539594547557149,492
GSE56706.AL5.Col-0_whole-plant_3w,0.006910850034554251,0.013,0.9591514765481464,1,0.4539594547557149,493
GSE60141.AT5G05550.Col-0_leaves_tnt_col,0.013130615065653075,0.020666666666666667,0.9688785527328125,1,0.45751633986928103,494
GSE60141.TCX3.Col-0_leaves_tnt_col,0.006219765031098825,0.012666666666666666,0.975556032633207,1,0.45751633986928103,495
GSE60141.ERF086.Col-0_leaves_tnt_colamp,0.007601935038009675,0.015,0.9771258547450407,1,0.45751633986928103,496
GSE60141.AT2G15740.Col-0_leaves_tnt_col,0.00414651002073255,0.010333333333333333,0.983325714159903,1,0.45751633986928103,497
GSE60141.ERF023.Col-0_leaves_tnt_col,0.00138217000691085,0.006,0.9844621813613808,1,0.45751633986928103,498
GSE53950.TOP1ALPHA.Ler_inflorescence,0,0.004333333333333333,0.9894486477287406,1,0.45751633986928103,499
GSE60141.TRP2.Col-0_leaves_tnt_colamp,0.0082930200414651,0.019333333333333334,0.9972055739999048,1,0.45751633986928103,500
GSE97288.AT3G11100.Col-0_seedling_3d-air,0.18728403593642018,0.225,0.9989751748322918,1,0.45751633986928103,501
GSE69431.TRB1.Col-0_seedling_TRB1_14d,0.15618521078092606,0.19233333333333333,0.9990060476677542,1,0.45751633986928103,502
GSE60141.GATA20.Col-0_leaves_tnt_colamp,0.17208016586040084,0.214,0.9991655194259813,1,0.45751633986928103,503
GSE60141.GATA4.Col-0_leaves_tnt_col,0.0055286800276434,0.018,0.9997408031247356,1,0.45751633986928103,504
GSE97288.AT3G11100.Col-0_seedling_3d-C2H4,0.14720110573600553,0.195,0.9999942485576402,1,0.45751633986928103,505
GSE60141.TRP1.Col-0_leaves_tnt_col,0,0,1,1,0.45751633986928103,508
GSE112951.DET1.Col-0_seedling_5d-D,0.061506565307532825,0.20233333333333334,1,1,0.45751633986928103,508
GSE112951.DET1.Col-0_seedling_5d-L,0.082930200414651,0.252,1,1,0.45751633986928103,508
GSE112951.DET1.Col-0_seedling_det1_5d-L,0.04768486523842433,0.15966666666666668,1,1,0.45751633986928103,508
GSE112951.DET1.Col-0_seedling_det1_5d-D,0.05044920525224603,0.162,1,1,0.45751633986928103,508
