TF_id,num_TFHit_inputFeature,inputRatio,bgRatio,pvalue,odds_ratio,padj,qvalue,rank
LEC2,803,803/1447,2216/22994,0,17.760884963596954,0,0,1
GSE94307.HEC1.Col-0_seedling_12d,752,752/1447,6425/22994,1.4837986960075292e-88,3.0274586134943458,7.448669453957796e-86,1.85969436566277e-86,2
GSE26722.REV.Col-0_seedling_10d-DEX-90min,676,676/1447,5754/22994,1.8117014761557302e-76,2.843389163897539,9.076624395540208e-74,1.5137772334101213e-74,3
GSE60141.FUS3.Col-0_leaves_tnt_col,138,138/1447,352/22994,1.0822614160957842e-73,10.506899440727379,5.411307080478921e-71,6.782171540866914e-72,4
GSE48081.KAN1.Col-0_seedling_10d-rep1,897,897/1447,9101/22994,1.0786670493724063e-70,2.6524040204639485,5.382548576368308e-68,5.407717474186996e-69,5
GSE84483.FIE.Col_whole-plant_30h,521,521/1447,3993/22994,1.407303149228467e-69,2.928860736094358,7.008369683157766e-67,5.879399823443373e-68,6
GSE20176.AP1.Col_apical-meristem_DEX,636,636/1447,5515/22994,8.034368319827258e-67,2.6788438803365793,3.993081054954147e-64,2.8770690364333798e-65,7
GSE94486.ARR10.Col-0_seedling_3d-6BA-4h,724,724/1447,6869/22994,4.984986150901305e-62,2.509786569285107,2.4725531308470474e-59,1.5619623272824087e-60,8
GSE85922.WRKY18.Col-0_seedling_12d,966,966/1447,10698/22994,8.679485496039768e-58,2.4380859379652486,4.296345320539685e-55,2.417397441859965e-56,9
GSE85922.WRKY18.Col-0_seedling_12d-flg22,882,882/1447,9569/22994,7.286572029214187e-53,2.310885551035462,3.5995665824318084e-50,1.8265007219896895e-51,10
GSE76571.TFL2.Col-0_seedling_14,592,592/1447,5470/22994,1.68831531455045e-50,2.3659464534464663,8.323394500733718e-48,3.8473124743695096e-49,11
GSE80566.AT5G50360.Col-0_seedling_4d-DEX-6h,1056,1056/1447,12613/22994,1.1433751393043846e-48,2.3343640414751907,5.6254056853775726e-46,2.3883836243247144e-47,12
GSE85922.WRKY40.Col-0_seedling_12d-flg22,872,872/1447,9632/22994,7.09916703191274e-48,2.2136149684314876,3.4856910126691555e-45,1.3688650276918924e-46,13
GSE46986.SEP3.Ler_inflorescence_4w-8d,685,685/1447,6854/22994,9.145033029830495e-48,2.240826672704894,4.4810661846169425e-45,1.637396390102984e-46,14
GSE52400.BBM.Col-0_somatic-embryo,973,973/1447,11264/22994,1.3681052635713584e-47,2.2451661595367054,6.690034738863942e-45,2.286255907123692e-46,15
GSE94486.ARR10.Col-0_seedling_3d-mock-4h,772,772/1447,8130/22994,1.988377289213802e-47,2.205439371616894,9.703281171363354e-45,3.1151244197682894e-46,16
GSE80564.HAT22.Col-0_seedling_3d-EtOH,927,927/1447,10527/22994,2.386244055913718e-47,2.2184633898305166,1.1621008552299807e-44,3.518540254994345e-46,17
GSE94486.ARR1.Col-0_seedling_3d-6BA-4h,419,419/1447,3389/22994,5.084224829025905e-47,2.5492035271320077,2.47093326690659e-44,7.080253835976815e-46,18
GSE94486.ARR1.Col-0_seedling_3d-mock-4h-LD,583,583/1447,5545/22994,3.538401611830443e-45,2.255267644068686,1.7161247817377648e-42,4.668207038765778e-44,19
GSE80564.ABF4.Col-0_seedling_3d-ABA,1022,1022/1447,12230/22994,1.641454050941486e-44,2.2181951670317956,7.944637606556792e-42,2.0572890771799955e-43,20
GSE78727.RPL.Ler-0_inflorescence-apices,666,666/1447,6720/22994,1.8085225213483436e-44,2.1822566818574733,8.7351637781125e-42,2.1587443429427845e-43,21
GSE80564.MYB44.Col-0_seedling_3d-EtOH,1013,1013/1447,12206/22994,6.327451567985771e-42,2.1590634928742563,3.0498316557691416e-39,7.209459968371665e-41,22
GSE80566.RBOHJ.Col-0_seedling_4d-DEX-6h,1012,1012/1447,12343/22994,6.311567634873356e-39,2.097435307224697,3.035864032374084e-36,6.878694002064873e-38,23
GSE80564.ATHB-6.Col-0_seedling_3d-EtOH,811,811/1447,9118/22994,8.74656359037212e-39,2.0323625424602247,4.198350523378617e-36,9.135299749944212e-38,24
GSE80564.ABF4.Col-0_seedling_3d-EtOH,847,847/1447,9683/22994,1.277884702849534e-38,2.030714564496265,6.121067726649269e-36,1.2812923953904663e-37,25
GSE80564.GBF2.Col-0_seedling_3d-EtOH,1085,1085/1447,13663/22994,9.644262024900744e-38,2.13714754924687,4.6099572479025553e-35,9.298057747083794e-37,26
GSE80564.MYB3.Col-0_seedling_3d-EtOH,805,805/1447,9096/22994,2.186453738621631e-37,2.004753286713474,1.042938433322518e-34,2.0298928536339093e-36,27
GSE85922.WRKY33.Col-0_seedling_12d-flg22,931,931/1447,11089/22994,2.7981037111107903e-37,2.0228703992232266,1.3318973664887362e-34,2.5049690366134692e-36,28
GSE80564.GBF3.Col-0_seedling_3d-ABA,1021,1021/1447,12634/22994,2.5276401728680503e-36,2.0501297586294194,1.200629082112324e-33,2.1848108160882456e-35,29
GSE46986.SEP3.Ler_inflorescence_4w-4d,621,621/1447,6453/22994,5.201944274257421e-36,2.025842533706337,2.4657215859980173e-33,4.3465134380462e-35,30
GSE94486.ARR12.Col-0_seedling_3d-mock-4h,944,944/1447,11402/22994,2.1450517171424214e-35,1.989898892756279,1.0146094622083653e-32,1.7344934314958074e-34,31
GSE80564.GBF3.Col-0_seedling_3d-EtOH,1120,1120/1447,14425/22994,3.88407257187751e-35,2.1216453050370796,1.8332822539261848e-32,3.0425235146373827e-34,32
GSE14600.SEP3.Col-0_inflorescence_5-7w,455,455/1447,4243/22994,4.873146292937515e-35,2.150271917909306,2.2952519039735696e-32,3.701622234635365e-34,33
GSE43283.PIF1.Col-0_seedling_3d,348,348/1447,2909/22994,6.083993695471904e-35,2.347382881892602,2.8594770368717946e-32,4.4854541754851675e-34,34
GSE68193.PIF4.Col-0_seedling_5d,861,861/1447,10095/22994,6.336027163034078e-35,1.9591743711369574,2.9715967394629826e-32,4.5378023110491685e-34,35
GSE94486.ARR1.Col-0_seedling_3d-mock-4h-etiolated,310,310/1447,2467/22994,9.90916720997638e-35,2.4508998046602968,4.637490254268946e-32,6.8997164276872565e-34,36
GSE108455.AGL8.Ler_gynoecium_6w,768,768/1447,8671/22994,1.1191686653997638e-34,1.952712731789218,5.226517667416897e-32,7.58211564306867e-34,37
GSE80564.HAT22.Col-0_seedling_3d-ABA,1004,1004/1447,12447/22994,1.6959269561057903e-34,2.0011007223773354,7.903019615452983e-32,1.1187167289399599e-33,38
GSE35059.PIF5.Col-0_seedling_14d,264,264/1447,1960/22994,3.3275809454260784e-34,2.611867830754782,1.5473251396231264e-31,2.1387528811627444e-33,39
GSE95562.FIE.Ws_whole-plant_30h-wt,200,200/1447,1283/22994,3.5945315891781214e-34,3.0303521526355355,1.6678626573786482e-31,2.2525731292182894e-33,40
GSE66289.WRKY33.Col-0_leaves_4w-Bc,846,846/1447,9909/22994,5.297335865385209e-34,1.9389744915647062,2.452666505673352e-31,3.238696398999737e-33,41
GSE52400.BBM.Col-0_whole-embryogenic-seedling,1140,1140/1447,14889/22994,2.869755654775176e-33,2.1060307770484474,1.3258271125061313e-30,1.7127430574531208e-32,42
GSE80564.GBF2.Col-0_seedling_3d-ABA,1091,1091/1447,14070/22994,2.8262745504685816e-32,2.023008416621554,1.302912567766016e-29,1.6475646991878862e-31,43
GSE80564.ABF1.Col-0_seedling_3d-ABA,1044,1044/1447,13288/22994,1.1405520066002208e-31,1.9682337862642392,5.246539230361016e-29,6.497690219419439e-31,44
GSE80564.ANAC102.Col-0_seedling_3d-EtOH,758,758/1447,8731/22994,9.940592788732974e-31,1.8729924019205062,4.562732090028435e-28,5.537278353427553e-30,45
GSE35315.PIF4.Col-0_seedling-etiolated,222,222/1447,1616/22994,9.553296661289797e-30,2.6197770269932086,4.375409870870727e-27,5.205854412528933e-29,46
GSE43284.PIF4.Col-0_seedling_3d,184,184/1447,1224/22994,2.3269946839082902e-29,2.8724547422526268,1.0634365705460886e-26,1.2410638314177546e-28,47
GSE80564.ATHB-5.Col-0_seedling_3d-EtOH,1076,1076/1447,13988/22994,3.3687256197164586e-29,1.939513314326462,1.5361388825907053e-26,1.7592233791852616e-28,48
GSE80564.ABF1.Col-0_seedling_3d-EtOH,657,657/1447,7334/22994,9.640131146567096e-29,1.8521436026697422,4.386259671688029e-26,4.931550083141807e-28,49
GSE94486.ARR12.Col-0_seedling_3d-6BA-4h,550,550/1447,5848/22994,7.812830418019626e-28,1.8805927649564802,3.5470250097809105e-25,3.916832316233839e-27,50
GSE36361.APRR5.Col-0_whole-plant_18d,549,549/1447,5878/22994,5.6375832546236465e-27,1.8604162840979812,2.553825214344512e-24,2.77089059312221e-26,51
GSE39215.PIF3.Col-0_seedling_2d,193,193/1447,1379/22994,8.646804676417062e-27,2.6420389080821725,3.908355713740512e-24,4.168203279913865e-26,52
GSE59187.RGA.Ler_seedling_11d,335,335/1447,3059/22994,3.3597727782813433e-26,2.081643896232291,1.5152575230048858e-23,1.5890246096022454e-25,53
GSE80564.MYB3.Col-0_seedling_3d-ABA,980,980/1447,12551/22994,5.1000920278762794e-26,1.8091810742444296,2.2950414125443256e-23,2.367450126520347e-25,54
GSE80564.NAC032.Col-0_seedling_3d-EtOH,254,254/1447,2086/22994,5.728489913452613e-26,2.291065753069146,2.5720919711402232e-23,2.6108026757068877e-25,55
GSE51770.ARF.Col-0_seedling-etiolated_5d,256,256/1447,2116/22994,9.168315801634532e-26,2.274945995184744,4.10740547913227e-23,4.103912787398314e-25,56
GSE80564.ATHB-5.Col-0_seedling_3d-ABA,1054,1054/1447,13840/22994,1.817304786598685e-25,1.8376114780830954,8.123352396096122e-23,7.9918900556854445e-25,57
GSE94486.ARR1.Col-0_seedling_3d-6BA-72h,1162,1162/1447,15753/22994,2.036566907594913e-25,1.9436781039763755,9.083088407873311e-23,8.801714451214795e-25,58
GSE60142.ABI5.Col-0_seedling_36h-ypet,608,608/1447,6814/22994,2.949921870497709e-25,1.7912248571621325,1.3127152323714805e-22,1.2533001393301001e-24,59
GSE108960.EZA1.Col-0_seedling_10d,156,156/1447,1031/22994,3.4190203389752286e-25,2.8545833741738753,1.5180450305050015e-22,1.4283907193940954e-24,60
GSE64245.LFY.Col-0_seedling_15d-LFY,590,590/1447,6601/22994,1.991567672571575e-24,1.779233767008673,8.822644789492077e-22,8.183928359419806e-24,61
GSE80564.ABF3.Col-0_seedling_3d-EtOH,1069,1069/1447,14186/22994,3.865196218098517e-24,1.8174680849401992,1.7084167283995445e-21,1.562702987102196e-23,62
GSE80564.ATHB-7.Col-0_seedling_3d-EtOH,871,871/1447,10904/22994,5.383813946186138e-24,1.7353013244669726,2.3742619502680867e-21,2.1421312632444313e-23,63
GSE54881.SVP.Col-0_seedling_2w-FLC,451,451/1447,4690/22994,1.0591286606162095e-23,1.8487053577592651,4.660166106711322e-21,4.1482539207468206e-23,64
GSE24568.LFY.Col-0_seedling_15d,400,400/1447,4038/22994,5.2611210982998185e-23,1.8807558470081858,2.3096321621536202e-20,2.0289041363699813e-22,65
GSE80564.ANAC102.Col-0_seedling_3d-ABA,826,826/1447,10303/22994,2.647873014166758e-22,1.6939732115675852,1.15976838020504e-19,1.005656821542122e-21,66
GSE80564.ABF3.Col-0_seedling_3d-ABA,1154,1154/1447,15829/22994,5.1220833899993125e-22,1.8443046605028497,2.2383504414296993e-19,1.9163217459101903e-21,67
GSE80564.ZAT6.Col-0_seedling_3d-EtOH,1064,1064/1447,14245/22994,5.358020002151695e-22,1.7631977863936,2.3360967209381393e-19,1.975113255695135e-21,68
GSE21301.AP2.Col-0_inflorescence,185,185/1447,1422/22994,5.874007846012668e-22,2.4067429055934695,2.5551934130155106e-19,2.1339390822229597e-21,69
GSE108455.AGL8.Col-0_Inflorescence-meristem_6w,904,904/1447,11602/22994,1.4371324293004756e-21,1.6882716169090501,6.237154743164064e-19,5.146302794447417e-21,70
GSE94486.ARR14.Col-0_seedling_3d-6BA-72h,1111,1111/1447,15128/22994,4.454442207534649e-21,1.7762507464425847,1.928773475862503e-18,1.5726481408760828e-20,71
GSE80564.MYB44.Col-0_seedling_3d-ABA,1130,1130/1447,15519/22994,2.715357832393851e-20,1.773250769959618,1.1730345835941436e-17,9.453468009074888e-20,72
GSE99587.NFYB9.Ws-0_seeds-bent-cotyledon-stage,1036,1036/1447,13897/22994,3.7742044891499925e-20,1.702362175247673,1.626682134823647e-17,1.2959825460460249e-19,73
GSE94926.RGA.Ler_inflorescence-apices,600,600/1447,7030/22994,8.372047688821754e-20,1.665374969967305,3.599980506193354e-17,2.835936874772054e-19,74
GSE79554.AGL8.Col-0xLer_gynoecium-silique-fruit_stage12-16,227,227/1447,1994/22994,2.19623441482408e-19,2.082754344441978,9.421845639595302e-17,7.340303466434257e-19,75
GSE85922.WRKY33.Col-0_seedling_12d,393,393/1447,4158/22994,7.936546184789298e-19,1.760981371653246,3.3968417670898197e-16,2.617667864456821e-18,76
GSE80564.NAC032.Col-0_seedling_3d-ABA,948,948/1447,12531/22994,1.0142962149631244e-18,1.634216498964215,4.331044837892541e-16,3.3019513145119896e-18,77
GSE68193.PIF5.Col-0_seedling_5d,487,487/1447,5519/22994,6.529526221028169e-18,1.6648860691749807,2.7815781701580002e-15,2.0983776573560608e-17,78
GSE80564.BHLH122.Col-0_seedling_3d-EtOH,799,799/1447,10205/22994,8.653032655752648e-18,1.5914911289338372,3.677538878694876e-15,2.7456036106016842e-17,79
GSE80564.HSFA6A.Col-0_seedling_3d-ABA,490,490/1447,5573/22994,9.825273461368587e-18,1.658396357822006,4.165915947620281e-15,3.078585684562157e-17,80
GSE70533.CCA1.Ws-2_seedling_14d-LD,368,368/1447,3900/22994,2.305832409132167e-17,1.739511429248612,9.753671090629066e-15,7.135744739371973e-17,81
GSE46986.SEP3.Ler_inflorescence_4w-2d,289,289/1447,2863/22994,3.4184260001227984e-17,1.8394277879402816,1.442575772051821e-14,1.0449822569481073e-16,82
GSE80564.AT5G04760.Col-0_seedling_3d-EtOH,1093,1093/1447,15126/22994,7.34895971570951e-17,1.6532116436361508,3.093912040313704e-14,2.219444861933153e-16,83
GSE80564.DREB2A.Col-0_seedling_3d-ABA,915,915/1447,12153/22994,1.1729141519883924e-16,1.5777065657012703,4.926239438351248e-14,3.50012477101298e-16,84
GSE80564.BHLH122.Col-0_seedling_3d-ABA,497,497/1447,5772/22994,3.0601795562955514e-16,1.613768164248807,1.282215234087836e-13,9.024529515036292e-16,85
GSE80564.RD26.Col-0_seedling_3d-EtOH,1046,1046/1447,14373/22994,3.501110994128146e-16,1.608857688705339,1.463464395545565e-13,1.020478863404793e-15,86
GSE14600.SEP3.Ler_inflorescence_5-7w,394,394/1447,4356/22994,1.164300999457754e-15,1.66067306230416,4.855135167738834e-13,3.3546143739165937e-15,87
GSE52175.LHY.Ws_seedling_2w-wt,330,330/1447,3493/22994,1.7341633556455639e-15,1.7170739985385794,7.214119559485545e-13,4.888591388550411e-15,88
GSE80564.ZAT6.Col-0_seedling_3d-ABA,1109,1109/1447,15514/22994,1.7357099743922337e-15,1.6267199154155172,7.214119559485545e-13,4.888591388550411e-15,89
GSE49282.APRR7.Col-2_seedling_2w,309,309/1447,3225/22994,2.936970854112908e-15,1.7348103588491064,1.2159059336027439e-12,8.18000771219595e-15,90
GSE84483.BPC1.Col_whole-plant_30h,130,130/1447,1010/22994,3.16822241896248e-15,2.318089746191183,1.3084758590315042e-12,8.727118165054157e-15,91
GSE108960.CLF.Col-0_seedling_10d,96,96/1447,667/22994,2.0037975650721094e-14,2.610170656519188,8.255645968097091e-12,5.459622351210965e-14,92
GSE85922.WRKY40.Col-0_seedling_12d,247,247/1447,2470/22994,3.6609839158041e-14,1.7891745580655505,1.504664389395485e-11,9.867598224676283e-14,93
GSE80564.ATHB-6.Col-0_seedling_3d-ABA,1051,1051/1447,14643/22994,5.405136998405443e-14,1.5533028854571684,2.2161061693462316e-11,1.4413698662414516e-13,94
GSE60142.ABI5.Col-0_seedling_36h-wt,276,276/1447,2956/22994,2.896291999561888e-12,1.6592353223530245,1.1845834278208122e-9,7.64214590761593e-12,95
GSE109149.WRKY18-33-40.Col-0_seedling_12d-wt-flg22-2h,794,794/1447,10611/22994,4.0014622190094456e-12,1.4528285494890911,1.6325965853558538e-9,1.0448262460746886e-11,96
GSE67903.CCA1.Col-0_seedling_14d,355,355/1447,4123/22994,4.6408275778839916e-11,1.5338842012402898,1.8888168241987848e-8,1.1992791541473408e-10,97
GSE60141.BHLH122.Col-0_leaves_tnt_col,49,49/1447,280/22994,6.480217249944629e-11,3.234033728692216,2.6309682034775192e-8,1.6575249564484221e-010,98
GSE60141.BIM2.Col-0_leaves_tnt_col,260,260/1447,2825/22994,6.726960174841983e-11,1.6209334976590979,2.7244188708110034e-8,1.703257256390967e-10,99
GSE80564.AT5G04760.Col-0_seedling_3d-ABA,1143,1143/1447,16522/22994,9.122644197767949e-11,1.5079319977600447,3.6855482558982515e-8,2.2867428122404991e-10,100
GSE95301.AGO1.Col-0_seedling_10d-wt,995,995/1447,14041/22994,1.9444033341476106e-10,1.4344001232400063,7.83594543661487e-8,4.825713885409251e-10,101
GSE46986.AP1.Ler_inflorescence_4w-2d,108,108/1447,919/22994,2.1280251006992307e-10,2.062192302670591,8.554660904810908e-8,5.229656456620332e-10,102
GSE52175.LHY.Ws_seedling_2w-mutant,923,923/1447,12894/22994,4.51593652555936e-10,1.4090188927115546,1.8108905467493033e-7,1.0990240346992358e-9,103
GSE48082.MAF1.Col-0_seedling_10d-genomicFLM,305,305/1447,3532/22994,1.339188242211749e-9,1.5161794808536904,5.356752968846996e-7,3.227787045330882e-9,104
GSE80564.NFYC2.Col-0_seedling_3d-EtOH,865,865/1447,12020/22994,1.8275080194501854e-9,1.3845700455631715,7.291756997606239e-7,4.3628127956398076e-009,105
GSE64245.LFY-TERE.Col-0_seedling_15d-LFY-TERE,271,271/1447,3072/22994,1.89711762714068e-9,1.5422226885884227,7.550528156019907e-7,4.486265583678589e-9,106
GSE60141.ZHD6.Col-0_leaves_tnt_colamp,364,364/1447,4411/22994,4.682443740918866e-9,1.453348079447234,1.8589301651447896e-6,1.0969463218601205e-8,107
GSE68193.CRY2.Col-0_seedling_5d,202,202/1447,2174/22994,6.560618237222687e-9,1.6105140489724938,2.598004821940184e-6,1.522711393330698e-8,108
GSE80564.ATHB-7.Col-0_seedling_3d-ABA,1139,1139/1447,16678/22994,1.49374650772007e-8,1.429828495310726,5.900298705494277e-6,3.4351601645427906e-8,109
GSE70533.CCA1.Ws-2_seedling_14d-LL,192,192/1447,2070/22994,1.8904715598202505e-8,1.6022556106095898,7.448457945691787e-6,4.307983675711601e-8,110
GSE60141.HDG1.Col-0_leaves_tnt_col,47,47/1447,311/22994,2.1178960752258177e-8,2.706117046787066,8.323331575637464e-6,4.7827563020114564e-8,111
GSE84483.AZF1.Col_whole-plant_30h,105,105/1447,971/22994,3.439603622574183e-8,1.868492857096783,1.3483246200490797e-5,7.698160488618408e-8,112
GSE94486.ARR1.Col-0_seedling_3d-Dex-4h,701,701/1447,9568/22994,3.506939854402481e-8,1.3437222647779719,1.3712134830713702e-5,7.77940640268633e-8,113
GSE45938.AG.Ler-0_inflorescence_4w,198,198/1447,2187/22994,6.864145371794838e-8,1.5587635630700298,2.677016694999987e-5,1.5093091577747712e-7,114
GSE60141.SPL1.Col-0_leaves_tnt_colamp,153,153/1447,1611/22994,1.4910927229153468e-7,1.6290905073119064,5.800350692140699e-5,3.2501499351662057e-7,115
GSE85651.HSFA1B.Col-0_leaves_5w-mutant-NS,718,718/1447,9953/22994,3.2251575328209633e-7,1.3130428033848958,1.2513611227345337e-4,6.969305932992425e-7,116
GSE60141.ZHD3.Col-0_leaves_tnt_colamp,260,260/1447,3099/22994,3.877020360891472e-7,1.4433643742245459,1.5004068796649995e-4,8.306322824474036e-7,117
GSE60554.MYB3R-3.Col-0_seedling_9d,322,322/1447,3983/22994,4.019426263226285e-7,1.3983294826704744,0.00015514985376053461,8.538442231486345e-7,118
GSE60141.PC-MYB1.Col-0_leaves_tnt_colamp,206,206/1447,2357/22994,4.909942209605738e-7,1.4967764356243292,1.8903277506982093e-4,1.03201100553372e-6,119
GSE80564.NFYC2.Col-0_seedling_3d-ABA,1034,1034/1447,15081/22994,4.940478217980575e-7,1.3367274676097116,1.8971436357045408e-4,1.03201100553372e-6,120
GSE109149.WRKY18-33-40.Col-0_seedling_12d-mutant-flg22-2h,711,711/1447,9869/22994,5.103953089746673e-7,1.306825729749854,1.9548140333729757e-4,1.0573478577106055e-6,121
GSE80564.RD26.Col-0_seedling_3d-ABA,1070,1070/1447,15719/22994,9.504504221332916e-7,1.3364603356216336,3.630720612549174e-4,1.952838025803922e-6,122
GSE60141.AtbZIP52.Col-0_leaves_tnt_colamp,146,146/1447,1573/22994,1.1101896659921325e-6,1.5822199446483831,4.229822627430025e-4,2.262500349122178e-6,123
GSE95301.AGO1.Col-0_seedling_10d-mutant,1021,1021/1447,14938/22994,1.7736076695786527e-6,1.3139627543909627,6.73970914439888e-4,3.585357439578352e-6,124
GSE35952.APRR1.C24_seedling_2w,45,45/1447,349/22994,3.902654822486524e-6,2.242693625807597,0.0014791061777223924,7.826123804026309e-6,125
GSE54881.SVP.Col-0_seedling_2w-flc-3,115,115/1447,1201/22994,3.943294901560236e-6,1.626587922516082,0.0014905654727897693,7.844861814744173e-6,126
GSE60141.BEH2.Col-0_leaves_tnt_col,133,133/1447,1450/22994,6.289626997303774e-6,1.554724840484588,0.002371189377983523,1.24141719211875e-5,127
GSE60141.BZIP68.Col-0_leaves_tnt_col,213,213/1447,2545/22994,6.406065767207644e-6,1.4222229187510091,0.002408680728470074,1.2545212127448302e-5,128
GSE117797.HY5.Ws_whole-plant_10d-blue-light,793,793/1447,11330/22994,7.775637275531874e-6,1.2669510093034637,0.002915863978324453,1.5109248659431444e-5,129
GSE80564.DREB2A.Col-0_seedling_3d-EtOH,137,137/1447,1526/22994,1.3395783514882687e-5,1.51768884647388,0.005010023034566125,2.5829818469722514e-5,130
GSE60141.ZHD14.Col-0_leaves_tnt_col,41,41/1447,325/22994,1.747014390178486e-5,2.1831475425704054,0.006516363675365753,3.342887586295728e-5,131
GSE60141.GBF3.Col-0_leaves_tnt_colamp,186,186/1447,2218/22994,2.4006923407199988e-5,1.4165565690002009,0.008930575507478396,4.558890505609694e-5,132
GSE60141.ATMYB119.Col-0_leaves_tnt_colamp,246,246/1447,3068/22994,2.4337904996850213e-5,1.3590954274339746,0.009029362753831429,4.586993623466506e-5,133
GSE40329.RPS4.Col-0_leaves_3-5w,119,119/1447,1317/22994,3.825474536391829e-5,1.5220255970219045,0.014154255784649766,7.156111570563819e-5,134
GSE60141.BMY2.Col-0_leaves_tnt_col,102,102/1447,1101/22994,5.299973830025448e-5,1.559798611536563,0.019556903432793905,9.840939062170709e-5,135
GSE109149.WRKY18-33-40.Col-0_seedling_12d-wt-flg22-0h,694,694/1447,9896/22994,5.4923791850713874e-5,1.2364212934636998,0.020211955401062704,1.0123208694053146e-4,136
GSE60141.HY5.Col-0_leaves_tnt_colamp,193,193/1447,2352/22994,5.891731853043958e-5,1.3820770028870273,0.021622655900671327,1.0780005726250746e-4,137
GSE60141.SPL1.Col-0_leaves_tnt_col,94,94/1447,1002/22994,6.57342005168211e-5,1.5791353277173048,0.024058717389156523,1.1940125311267987e-4,138
GSE60141.BZR1.Col-0_leaves_tnt_col,21,21/1447,131/22994,6.868201972505624e-5,2.8697180502982507,0.02506893719964553,1.2385822262168415e-4,139
GSE45846.SOC1.Col-0_whole-plant_18d,112,112/1447,1246/22994,8.012227269614623e-5,1.5101444942424311,0.029164507261397226,1.4345702158929038e-4,140
GSE60141.ATHB-9.Col-0_leaves_tnt_col,46,46/1447,407/22994,8.844115084613347e-5,1.9268752135620204,0.03210413775714645,1.5722871261534838e-4,141
GSE40329.RPS4.Col-0_leaves_3-5w-eds1,129,129/1447,1480/22994,9.172627081876045e-5,1.4630985210746026,0.03320491003639128,1.619205531824128e-4,142
GSE60141.EICBP-B.Col-0_leaves_tnt_col,125,125/1447,1428/22994,9.851874651035534e-5,1.4689923168491763,0.03556526749023828,1.7269486567782568e-4,143
GSE38358.PI.Ler_flower_4w-dex,299,299/1447,3916/22994,1.1720500597262074e-4,1.2910875942763127,0.04219380215014347,2.0402352891530276e-4,144
GSE109149.WRKY18-33-40.Col-0_seedling_12d-mutant-flg22-0h,709,709/1447,10196/22994,1.3281005901682764e-4,1.2212438417995213,0.04767881118704112,2.2959348133483765e-4,145
GSE60141.ANL2.Col-0_leaves_tnt_col,25,25/1447,179/22994,1.4952527399635527e-4,2.4420164091135432,0.053530048090695184,2.567191918841533e-4,146
GSE60141.LHY.Col-0_leaves_tnt_col,85,85/1447,912/22994,1.8083775137040246e-4,1.5635518905399468,0.06455907723923368,3.083673220647226e-4,147
GSE60141.TCP22.Col-0_leaves_tnt_col,57,57/1447,563/22994,2.750055209392756e-4,1.7051477246602045,0.09790196545438211,4.657751165458001e-4,148
GSE60141.BEH3.Col-0_leaves_tnt_col,53,53/1447,516/22994,3.1375852571117097e-4,1.73129495024589,0.1113842766274657,5.278443206595091e-4,149
GSE57497.SPCH.Col_seedling_4d,1087,1087/1447,16374/22994,3.297011230297334e-4,1.2364197744560845,0.11671419755252561,5.509672100407989e-4,150
GSE60141.IDD4.Col-0_leaves_tnt_col,55,55/1447,543/22994,3.451717445779008e-4,1.7050120478876336,0.12184562583599899,5.730003353699368e-4,151
GSE60141.AT5G47660.Col-0_leaves_tnt_colamp,291,291/1447,3863/22994,3.710965347712036e-4,1.266740561837612,0.13062598023946367,6.119837590963709e-4,152
GSE60141.WRKY71.Col-0_leaves_tnt_col,113,113/1447,1322/22994,5.195583778896136e-4,1.4249331411562363,0.18236499063925438,8.512154687864694e-4,153
GSE60141.TCP21.Col-0_leaves_tnt_col,65,65/1447,681/22994,5.408045705040335e-4,1.5980877092008572,0.18928159967641173,8.802706428983403e-4,154
GSE60141.TCP20.Col-0_leaves_tnt_col,47,47/1447,454/22994,5.626200210355076e-4,1.7436777524724896,0.19635438734139216,9.098715178896811e-4,155
GSE60141.WRKY70.Col-0_leaves_tnt_col,63,63/1447,657/22994,5.803440336864916e-4,1.6056477111818377,0.20195972372289908,9.325186182312857e-4,156
GSE60141.AT5G58900.Col-0_leaves_tnt_colamp,335,335/1447,4553/22994,6.493794877261521e-4,1.2376636284755607,0.22533468224097478,0.001036801220318612,157
GSE60141.TCP15.Col-0_leaves_tnt_colamp,43,43/1447,409/22994,6.917709286470045e-4,1.7723615352527742,0.23935274131186357,0.001097493118866134,158
GSE60141.ATHB-15.Col-0_leaves_tnt_col,15,15/1447,94/22994,7.532028216970271e-4,2.846304107589535,0.2598549734854743,0.0011874392493001348,159
GSE60141.TGA4.Col-0_leaves_tnt_colamp,179,179/1447,2271/22994,8.205246322995122e-4,1.3127951816510337,0.28226047351103223,0.0012854885906025692,160
GSE30711.FHY3.No-0_seedling_4d-dark,116,116/1447,1383/22994,8.762957404191107e-4,1.3949609413935404,0.300569438963755,0.0013643362252488017,161
GSE60141.TCP24.Col-0_leaves_tnt_col,19,19/1447,136/22994,8.834272781837813e-4,2.4367771280053003,0.30213212913885323,0.0013669492041032995,162
GSE60141.DREB1C.Col-0_leaves_tnt_colamp,259,259/1447,3443/22994,9.075786101010993e-4,1.2573294382324625,0.30948430604447486,0.0013957037112393184,163
GSE60141.NAC002.Col-0_leaves_tnt_colamp,162,162/1447,2035/22994,9.590852847376846e-4,1.3242195841874618,0.32608899681081277,0.0014659189717941847,164
GSE65876.HAT3.Col-0_whole-plant_10d,15,15/1447,97/22994,0.001051205482108061,2.7415722219562766,0.3563586584346327,0.001596982873828812,165
GSE60141.ATMYB119.Col-0_leaves_tnt_col,80,80/1447,908/22994,0.001447536333643927,1.4643613871335335,0.48926728077164733,0.0021858379977916327,166
GSE60141.AtbZIP3.Col-0_leaves_tnt_col,161,161/1447,2047/22994,0.0016523253645334198,1.3050961996887098,0.5568336478477625,0.002480137074110043,167
GSE60141.AtbZIP48.Col-0_leaves_tnt_colamp,186,186/1447,2411/22994,0.001748313173697578,1.280897427691046,0.5874332263623863,0.002608594259167815,168
GSE117797.HY5.Ws_whole-plant_10d-red-light,554,554/1447,7992/22994,0.0020740461923553074,1.1767682203354706,0.694805474439028,0.003076297310949095,169
GSE60141.BEH4.Col-0_leaves_tnt_col,81,81/1447,937/22994,0.0022883010484864076,1.4332805524859311,0.7642925501944601,0.0033741223303172126,170
GSE60141.ZHD1.Col-0_leaves_tnt_col,68,68/1447,767/22994,0.002731812032523414,1.470685489630656,0.909693406830297,0.00400452757983939,171
GSE60141.ERF027.Col-0_leaves_tnt_colamp,208,208/1447,2763/22994,0.0029789653670093223,1.2478634710550536,0.989016501847095,0.004341437899207384,172
GSE89889.FLC.Col-FRI_aerial-part_2w,63,63/1447,705/22994,0.003203998723412949,1.4822011804228006,1,0.0046424027745790705,173
GSE60141.ERF035.Col-0_leaves_tnt_colamp,167,167/1447,2171/22994,0.0033816623065429548,1.2723147294490345,1,0.0048716667711116894,174
GSE95301.AGO1.Col-0_seedling_10d-wt_MeJAcontrol,489,489/1447,7033/22994,0.0036099147623386858,1.1702234827712592,1,0.005170773145292746,175
GSE60011.AT1G14580.Col-0_roots,172,172/1447,2257/22994,0.004282182029930423,1.2591994912940057,1,0.006098865315355451,176
GSE60141.BHLH28.Col-0_leaves_tnt_col,87,87/1447,1043/22994,0.0043201491428941025,1.3778145482818982,1,0.006118177317243625,177
GSE97499.GATA21.Col-0_whole-rosette-leaves_3w,267,267/1447,3667/22994,0.0045324072090450335,1.207678497976651,1,0.006382715770040945,178
GSE60141.BPE.Col-0_leaves_tnt_col,15,15/1447,113/22994,0.00481783392094197,2.2925397567756427,1,0.006746761840872181,179
GSE60141.VRN1.Col-0_leaves_tnt_col,102,102/1447,1259/22994,0.005007047788980621,1.3364540946366754,1,0.006972777661691532,180
GSE60141.PC-MYB1.Col-0_leaves_tnt_col,133,133/1447,1707/22994,0.005681807221928835,1.284366233736317,1,0.007868727497035882,181
GSE97499.GATA22.Col-0_whole-rosette-leaves_3w,53,53/1447,590/22994,0.005856260415393253,1.4874831696739774,1,0.008065765260761405,182
GSE60141.WRKY24.Col-0_leaves_tnt_col,22,22/1447,197/22994,0.00648285027651256,1.8854586489137146,1,0.008879969777663834,183
GSE60141.GBF3.Col-0_leaves_tnt_col,110,110/1447,1387/22994,0.006882849320433678,1.3059224198770265,1,0.009376635306098053,184
GSE60141.TGA6.Col-0_leaves_tnt_col,101,101/1447,1261/22994,0.007172966665569013,1.3187560083807284,1,0.009719046725239456,185
GSE60141.WRKY15.Col-0_leaves_tnt_col,51,51/1447,574/22994,0.008298149260065318,1.4685408512266676,1,0.011183168895285157,186
GSE60141.MYB58.Col-0_leaves_tnt_col,61,61/1447,717/22994,0.01030648051717876,1.4015601314933879,1,0.013757408640431292,187
GSE80564.NFYB2.Col-0_seedling_3d-EtOH,1212,1212/1447,18732/22994,0.01031805648032347,1.1854367604533729,1,0.013757408640431292,188
GSE48793.ERF115.Ler_cell_suspension_2d,84,84/1447,1038/22994,0.010540880173540367,1.3302919687338282,1,0.01398014442769375,189
GSE60141.SPL14.Col-0_leaves_tnt_col,68,68/1447,819/22994,0.011869740734565624,1.3654490854539065,1,0.015659728127005872,190
GSE60141.LBD19.Col-0_leaves_tnt_col,55,55/1447,641/22994,0.012243904725679015,1.4132763952090805,1,0.016047265548848826,191
GSE60141.AT4G16150.Col-0_leaves_tnt_col,39,39/1447,426/22994,0.012291522548054419,1.514442936753968,1,0.016047265548848826,192
GSE60141.ATHB-23.Col-0_leaves_tnt_col,32,32/1447,337/22994,0.013518522462813468,1.5749770496671553,1,0.017557735564828546,193
GSE60141.ZHD5.Col-0_leaves_tnt_col,58,58/1447,686/22994,0.013641173951608295,1.3909036541332305,1,0.017625709298298004,194
GSE104368.EBS.Col-0_seedling_10d,84,84/1447,1050/22994,0.013784593047426524,1.3130026458158865,1,0.01771968200284572,195
GSE60141.WRKY30.Col-0_leaves_tnt_colamp,67,67/1447,812/22994,0.014118393365321853,1.3556133278086488,1,0.018056176548846996,196
GSE79354.HSFA1A.Col-0_seedling_12d-15min-17c,72,72/1447,883/22994,0.014494485680279676,1.338831194814366,1,0.018359691509265457,197
GSE60141.RVE5.Col-0_leaves_tnt_col,70,70/1447,855/22994,0.014502203133648512,1.3444830145667246,1,0.018359691509265457,198
GSE60141.BZIP28.Col-0_leaves_tnt_col,52,52/1447,607/22994,0.014949046685696065,1.4098707104399508,1,0.018830289962551826,199
GSE60141.ENY.Col-0_leaves_tnt_col,10,10/1447,73/22994,0.015736682878580918,2.373065103823638,1,0.019723309207821418,200
GSE95301.AGO1.Col-0_seedling_10d-wt_BTHcontrol,925,925/1447,14094/22994,0.017798893461453805,1.1273774063378768,1,0.02209881069899327,201
GSE95301.AGO1.Col-0_seedling_10d-wt_Coldcontrol,754,754/1447,11359/22994,0.01780835011115681,1.122591337208521,1,0.02209881069899327,202
GSE60141.TCP3.Col-0_leaves_tnt_col,13,13/1447,108/22994,0.018095099279428203,2.0470117575734026,1,0.022344030637323493,203
GSE60141.RVE6.Col-0_leaves_tnt_col,61,61/1447,739/22994,0.018392472237036665,1.3546584005426305,1,0.022599900526554854,204
GSE60141.AGL15.Col-0_leaves_tnt_col,42,42/1447,479/22994,0.018896412550004772,1.4440021613849106,1,0.0231058572969164,205
GSE60141.GT-3A.Col-0_leaves_tnt_col,16,16/1447,144/22994,0.01918097219289735,1.8710105512446416,1,0.023339953218541758,206
GSE60141.MYB98.Col-0_leaves_tnt_col,38,38/1447,426/22994,0.01936482597141027,1.470697208216006,1,0.023449837569243997,207
GSE60141.RAP2-10.Col-0_leaves_tnt_col,90,90/1447,1154/22994,0.020199512971792028,1.2767596427454286,1,0.0242651064583789,208
GSE60141.DREB1A.Col-0_leaves_tnt_col,108,108/1447,1414/22994,0.02023167785824943,1.2500490037417702,1,0.0242651064583789,209
GSE60141.JKD.Col-0_leaves_tnt_col,16,16/1447,145/22994,0.020345287337044028,1.8562299526333186,1,0.024285168376916046,210
GSE60141.SPL9.Col-0_leaves_tnt_col,54,54/1447,646/22994,0.020492127211385238,1.3721423524077936,1,0.024344517635010585,211
GSE95301.AGO1.Col-0_seedling_10d-wt_Flg22,729,729/1447,10982/22994,0.021023393768020135,1.1184008035358803,1,0.024857849235143302,212
GSE60141.MYB56.Col-0_leaves_tnt_col,35,35/1447,390/22994,0.022190680355139457,1.4796666573657653,1,0.026114853876470848,213
GSE30711.FHY3.No-0_seedling_4d-far-red,75,75/1447,945/22994,0.022545527839200042,1.2991806484879287,1,0.026408468746228087,214
GSE60141.WRKY27.Col-0_leaves_tnt_col,17,17/1447,159/22994,0.022673756732803904,1.791946429584058,1,0.026435139632664396,215
GSE60141.TGA10.Col-0_leaves_tnt_colamp,159,159/1447,2177/22994,0.024745916841680336,1.1946291752888727,1,0.028717483742196934,216
GSE60141.WRKY22.Col-0_leaves_tnt_col,68,68/1447,853/22994,0.026471205248881684,1.3041819574271734,1,0.03044417114260783,217
GSE60141.MYB118.Col-0_leaves_tnt_colamp,92,92/1447,1197/22994,0.026476712669236065,1.256043164921098,1,0.03044417114260783,218
GSE60141.DREB1E.Col-0_leaves_tnt_col,144,144/1447,1975/22994,0.033215419762108164,1.1899887864315513,1,0.03801825823608118,219
GSE60141.DREB2D.Col-0_leaves_tnt_col,8,8/1447,61/22994,0.036599317898327724,2.2543873074158016,1,0.04170104099930674,220
GSE60141.SMB.Col-0_leaves_tnt_col,101,101/1447,1349/22994,0.038100746925677706,1.22048369609947,1,0.04321532682972795,221
GSE60141.TINY.Col-0_leaves_tnt_col,80,80/1447,1044/22994,0.03874051005815559,1.2495341527395234,1,0.04374303838398348,222
GSE60141.SRM1.Col-0_leaves_tnt_colamp,81,81/1447,1060/22994,0.03983099739814979,1.2457726206894635,1,0.044772660752479286,223
GSE60141.CDF5.Col-0_leaves_tnt_col,97,97/1447,1296/22994,0.041760261096983914,1.2193717659895624,1,0.04673172075138676,224
GSE60141.PHL11.Col-0_leaves_tnt_col,54,54/1447,678/22994,0.044562937239683215,1.2997985832164036,1,0.04964641304332115,225
GSE60141.TGA9.Col-0_leaves_tnt_col,81,81/1447,1073/22994,0.0501618300646243,1.2286708095463308,1,0.05563672007167769,226
GSE60141.ATHB-X.Col-0_leaves_tnt_col,13,13/1447,125/22994,0.0511299041584232,1.7349431308798826,1,0.056460628380520184,227
GSE60141.AT3G49930.Col-0_leaves_tnt_col,53,53/1447,671/22994,0.05222255842517169,1.2875596590035758,1,0.057414274759837874,228
GSE60141.WRKY3.Col-0_leaves_tnt_col,46,46/1447,572/22994,0.05256063395225709,1.3121429156934432,1,0.05744531859096336,229
GSE60141.AT2G40260.Col-0_leaves_tnt_col,23,23/1447,255/22994,0.05270913540926159,1.4838900720012418,1,0.05744531859096336,230
GSE60141.NAC004.Col-0_leaves_tnt_col,42,42/1447,516/22994,0.05293887410913212,1.328962888696395,1,0.05744593554122273,231
GSE60141.ATMYB13.Col-0_leaves_tnt_col,34,34/1447,405/22994,0.05352387636646366,1.3733997740281545,1,0.057830395154569926,232
GSE60141.WRKY8.Col-0_leaves_tnt_col,28,28/1447,325/22994,0.05737837020817975,1.4117795789492302,1,0.06172894763455103,233
GSE38358.AP3.Ler_flower_4w-dex,227,227/1447,3275/22994,0.057737655558156964,1.1293036538552468,1,0.06185002418765532,234
GSE85651.HSFA1B.Col-0_leaves_5w-wt-NS,11,11/1447,104/22994,0.06255390292539567,1.767050558613847,1,0.06672416312042205,235
GSE60141.RAV1.Col-0_leaves_tnt_col,20,20/1447,220/22994,0.0630064953173293,1.4958878508670603,1,0.06692215321840626,236
GSE60141.STOP1.Col-0_leaves_tnt_colamp,16,16/1447,168/22994,0.06439567180842655,1.57374280790162,1,0.068109064978814,237
GSE60141.NAC007.Col-0_leaves_tnt_col,51,51/1447,654/22994,0.06676930210369754,1.2688832555682554,1,0.07032285039493073,238
GSE95301.AGO1.Col-0_seedling_10d-wt_Flg22control,852,852/1447,13098/22994,0.06731585925202638,1.0875956999091403,1,0.07060184959208345,239
GSE95301.AGO1.Col-0_seedling_10d-wt_IAA,894,894/1447,13772/22994,0.06824608482847491,1.0882772644857286,1,0.0712792441541849,240
GSE79354.HSFA1A.Col-0_seedling_12d-15min-27c,59,59/1447,771/22994,0.06907576305800017,1.2438589355257172,1,0.07184643681827957,241
GSE60141.CDF3.Col-0_leaves_tnt_col,47,47/1447,601/22994,0.07309509684137737,1.2721229437736539,1,0.07571282758225314,242
GSE60141.AT3G11280.Col-0_leaves_tnt_col,19,19/1447,211/22994,0.0738289012421045,1.4798246827502046,1,0.07615820814000354,243
GSE60141.WRKY29.Col-0_leaves_tnt_col,24,24/1447,279/22994,0.07491035993033508,1.408222980320215,1,0.07695709107597265,244
GSE60141.HHO5.Col-0_leaves_tnt_col,103,103/1447,1425/22994,0.07631647512517398,1.1724425884189047,1,0.07808161808725282,245
GSE95301.AGO1.Col-0_seedling_10d-wt_MeJA,457,457/1447,6872/22994,0.07733110030905169,1.0888740944743163,1,0.07879808595177082,246
GSE60141.TGA2.Col-0_leaves_tnt_col,25,25/1447,294/22994,0.07796758337367664,1.3906196748255644,1,0.0791249968920443,247
GSE60141.AT2G20110.Col-0_leaves_tnt_colamp,393,393/1447,5878/22994,0.08033038384654617,1.091869869031591,1,0.0811941514147886,248
GSE85651.HSFA1B.Col-0_leaves_5w-mutant-HS,26,26/1447,309/22994,0.08084960509922826,1.3747629134840418,1,0.081390767114618,249
GSE60141.AT3G10030.Col-0_leaves_tnt_col,25,25/1447,296/22994,0.08276373806295119,1.3802282139054998,1,0.08298444136445239,250
GSE60141.FAR1.Col-0_leaves_tnt_col,41,41/1447,522/22994,0.08467713513740274,1.277114852386265,1,0.0845646821026917,251
GSE60141.DPBF3.Col-0_leaves_tnt_col,115,115/1447,1614/22994,0.08631693578297521,1.154667307917892,1,0.08586023241904411,252
GSE60141.ERF039.Col-0_leaves_tnt_col,51,51/1447,670/22994,0.09168314485304073,1.2351424677377236,1,0.09083758225228805,253
GSE60141.PLT1.Col-0_leaves_tnt_col,5,5/1447,39/22994,0.09599839077789431,2.1938356785858555,1,0.0947385693766096,254
GSE60141.TGA7.Col-0_leaves_tnt_col,37,37/1447,471/22994,0.09701886730814631,1.2765482803148962,1,0.09537018067415166,255
GSE60141.DREB1C.Col-0_leaves_tnt_col,59,59/1447,792/22994,0.10065283368592813,1.2070073228667146,1,0.09855589965080462,256
GSE60141.BPC1.Col-0_leaves_tnt_col,14,14/1447,153/22994,0.10213537211795805,1.5046272766987003,1,0.09961841742244415,257
GSE60141.WRKY50.Col-0_leaves_tnt_col,24,24/1447,291/22994,0.10671901191242246,1.3441810929219422,1,0.10368565498467917,258
GSE60141.ERF027.Col-0_leaves_tnt_col,110,110/1447,1557/22994,0.10781635420189076,1.1428295890994697,1,0.10434735953645025,259
GSE60141.TGA4.Col-0_leaves_tnt_col,36,36/1447,462/22994,0.10906225446171475,1.2649547415207847,1,0.10502693371046448,260
GSE80564.NFYB2.Col-0_seedling_3d-ABA,1252,1252/1447,19634/22994,0.10935650145650756,1.1054601000769502,1,0.10502693371046448,261
GSE60141.WRKY45.Col-0_leaves_tnt_col,59,59/1447,798/22994,0.11123514641833979,1.1968629744431705,1,0.10642344797276275,262
GSE60141.LBD16.Col-0_leaves_tnt_colamp,71,71/1447,980/22994,0.11887308283641883,1.1714942519554752,1,0.11289613564107763,263
GSE95301.AGO1.Col-0_seedling_10d-wt-BTH,870,870/1447,13477/22994,0.1189012492390073,1.0692373152813426,1,0.11289613564107763,264
GSE60141.GT-4.Col-0_leaves_tnt_colamp,30,30/1447,381/22994,0.1217609371758764,1.2784759419224896,1,0.11517512547957112,265
GSE60141.WRKY20.Col-0_leaves_tnt_col,20,20/1447,242/22994,0.12945336927869472,1.3462726698006455,1,0.12199114498443413,266
GSE60141.BHLH104.Col-0_leaves_tnt_col,5,5/1447,43/22994,0.13138460477608196,1.9625892405077354,1,0.12334734430913064,267
GSE60141.EMB1789.Col-0_leaves_tnt_col,8,8/1447,81/22994,0.1365520965732267,1.635326650678867,1,0.12772036893416228,268
GSE60141.ANAC076.Col-0_leaves_tnt_col,70,70/1447,976/22994,0.13876339743934418,1.1581463197436825,1,0.12930616465227612,269
GSE60141.WRKY28.Col-0_leaves_tnt_col,66,66/1447,917/22994,0.140249952881386,1.1622614055496885,1,0.13020736366271884,270
GSE60141.PHL12.Col-0_leaves_tnt_colamp,120,120/1447,1734/22994,0.1431837279906211,1.1167784691348186,1,0.13244054544765937,271
GSE60141.WRKY33.Col-0_leaves_tnt_col,55,55/1447,755/22994,0.14388909972602207,1.176698955371611,1,0.1326036801396674,272
GSE85651.HSFA1B.Col-0_leaves_5w-wt-HS,29,29/1447,375/22994,0.14699744088039757,1.2531320465417035,1,0.1349720092088632,273
GSE95301.AGO1.Col-0_seedling_10d-wt_Cold,831,831/1447,12894/22994,0.1481156812922116,1.0606247379196667,1,0.13550242376124466,274
GSE60141.WRKY18.Col-0_leaves_tnt_col,37,37/1447,492/22994,0.14950851037568186,1.2164227247858175,1,0.13575333240000714,275
GSE79354.HSFA1A.Col-0_seedling_12d-15min-37c,62,62/1447,862/22994,0.1500145444991203,1.1609244597337454,1,0.13575333240000714,276
GSE60141.AT3G10030.Col-0_leaves_tnt_colamp,53,53/1447,728/22994,0.15001465322394406,1.1756276578883915,1,0.13575333240000714,277
GSE60141.NAC68.Col-0_leaves_tnt_col,55,55/1447,758/22994,0.1506853966632409,1.1715091581257082,1,0.13586980610402535,278
GSE60141.NAC69.Col-0_leaves_tnt_col,22,22/1447,276/22994,0.15146402287432656,1.2942107799915517,1,0.13608237180584656,279
GSE69422.FHY3.Ler-0_inflorescence_stage8-flower,40,40/1447,537/22994,0.15247038274221655,1.2040857180168967,1,0.1364972950263653,280
GSE60141.MYR2.Col-0_leaves_tnt_col,39,39/1447,524/22994,0.15717652172590582,1.2028615540562446,1,0.1402096611362766,281
GSE60141.NAC101.Col-0_leaves_tnt_col,74,74/1447,1046/22994,0.15846524362341186,1.1408545924285474,1,0.14085799433192164,282
GSE60141.SPL3.Col-0_leaves_tnt_colamp,16,16/1447,194/22994,0.16314434449400184,1.342256681161644,1,0.1445047668545222,283
GSE60141.ANAC075.Col-0_leaves_tnt_col,32,32/1447,424/22994,0.16475249412109272,1.220438662470997,1,0.145252136585608,284
GSE60141.DREB1B.Col-0_leaves_tnt_col,104,104/1447,1504/22994,0.16514704359134955,1.114366747955415,1,0.145252136585608,285
GSE60141.WRKY25.Col-0_leaves_tnt_col,46,46/1447,634/22994,0.1754417648375536,1.1703329446050048,1,0.15376714120960408,286
GSE60141.ERF011.Col-0_leaves_tnt_col,88,88/1447,1267/22994,0.17695169681296408,1.118634459933395,1,0.15432471446417279,287
GSE60141.NAC037.Col-0_leaves_tnt_col,59,59/1447,829/22994,0.17730924640564533,1.146968980771586,1,0.15432471446417279,288
GSE60141.PDF2.Col-0_leaves_tnt_col,8,8/1447,87/22994,0.18085251275418593,1.510703273895828,1,0.15686400183523394,289
GSE60141.SGR5.Col-0_leaves_tnt_col,16,16/1447,198/22994,0.18310919396930558,1.3125189488837221,1,0.15791953267485456,290
GSE60141.HHO3.Col-0_leaves_tnt_colamp,38,38/1447,518/22994,0.18332945748025006,1.1836689955986248,1,0.15791953267485456,291
GSE60141.NAC031.Col-0_leaves_tnt_col,26,26/1447,342/22994,0.1841044410306423,1.2293000676797907,1,0.15804399504000344,292
GSE60141.NAC029.Col-0_leaves_tnt_col,29,29/1447,386/22994,0.1849328469270045,1.2138921018949553,1,0.15821331159170351,293
GSE60141.NAC078.Col-0_leaves_tnt_colamp,127,127/1447,1868/22994,0.18617446351969308,1.0945613485251469,1,0.15873378295556598,294
GSE60141.JUB1.Col-0_leaves_tnt_col,50,50/1447,698/22994,0.18735719277950477,1.154305973819954,1,0.15920068810190688,295
GSE66289.WRKY33.Col-0_leaves_4w-mock,24,24/1447,314/22994,0.18839595951614416,1.2362475518281417,1,0.15954252427493287,296
GSE60141.TGA5.Col-0_leaves_tnt_col,75,75/1447,1076/22994,0.19022212474381464,1.1219986387135221,1,0.16054661931240022,297
GSE60141.MYB83.Col-0_leaves_tnt_col,5,5/1447,49/22994,0.1934955876741184,1.6944807483251019,1,0.16260359451322706,298
GSE60141.ZAT10.Col-0_leaves_tnt_col,19,19/1447,243/22994,0.19395668122122964,1.266543843354204,1,0.16260359451322706,299
GSE60141.RVE7.Col-0_leaves_tnt_col,36,36/1447,492/22994,0.19504766376559,1.1800600211186967,1,0.16297315905747076,300
GSE60141.MYB99.Col-0_leaves_tnt_colamp,54,54/1447,762/22994,0.19823038325906225,1.140994082696972,1,0.1650822239322423,301
GSE60141.DOF2-2.Col-0_leaves_tnt_col,25,25/1447,334/22994,0.21104952379734862,1.2083457763924275,1,0.17492541767135011,302
GSE60141.AT5G56840.Col-0_leaves_tnt_col,15,15/1447,189/22994,0.21144575088199102,1.2866447450484735,1,0.17492541767135011,303
GSE60141.MYB33.Col-0_leaves_tnt_col,36,36/1447,497/22994,0.21215669813978316,1.1669851190726415,1,0.17493622478192644,304
GSE60141.DOF4-7.Col-0_leaves_tnt_col,6,6/1447,64/22994,0.2138382532559931,1.5426217050011188,1,0.17574466278525333,305
GSE60141.WRKY65.Col-0_leaves_tnt_col,12,12/1447,148/22994,0.22205761341019203,1.316500511619545,1,0.1817745810685204,306
GSE60141.ATHB-53.Col-0_leaves_tnt_col,40,40/1447,560/22994,0.22324811327957714,1.1495736339644644,1,0.1817745810685204,307
GSE60141.BIM1.Col-0_leaves_tnt_col,17,17/1447,220/22994,0.22382781029085588,1.2499352239702024,1,0.1817745810685204,308
GSE60141.WIP5.Col-0_leaves_tnt_col,6,6/1447,65/22994,0.22407584660973193,1.5164097063748074,1,0.1817745810685204,309
GSE60141.SVP.Col-0_leaves_tnt_col,16,16/1447,207/22994,0.23209606711321598,1.2501488786789465,1,0.18767337899907358,310
GSE60141.WRKY14.Col-0_leaves_tnt_col,25,25/1447,340/22994,0.23734133147685046,1.184996097111356,1,0.19129762194061256,311
GSE60141.ANAC103.Col-0_leaves_tnt_col,28,28/1447,385/22994,0.23940594478263108,1.171210148347609,1,0.19210423366159635,312
GSE60141.MYB107.Col-0_leaves_tnt_col,29,29/1447,400/22994,0.2398748343194667,1.1673156823583488,1,0.19210423366159635,313
GSE80564.HSFA6A.Col-0_seedling_3d-EtOH,15,15/1447,194/22994,0.24084212234909225,1.2504142637541673,1,0.1922646242107403,314
GSE60141.HHO2.Col-0_leaves_tnt_col,34,34/1447,476/22994,0.2448479506035616,1.1489384828809863,1,0.19484196704114107,315
GSE60141.PHL7.Col-0_leaves_tnt_col,104,104/1447,1547/22994,0.25012241447888256,1.0789067265337053,1,0.19840934144316422,316
GSE60141.LBD18.Col-0_leaves_tnt_col,41,41/1447,584/22994,0.25429297203395396,1.1279674989671964,1,0.20108129860098145,317
GSE60141.AtMYB93.Col-0_leaves_tnt_col,33,33/1447,467/22994,0.2688332271594741,1.1353296318281558,1,0.21191046836889363,318
GSE60141.ERF037.Col-0_leaves_tnt_col,75,75/1447,1111/22994,0.27702080839426213,1.0822976170713134,1,0.21722189527698652,319
GSE60141.EFM.Col-0_leaves_tnt_col,82,82/1447,1219/22994,0.27730454716211045,1.078387917963108,1,0.21722189527698652,320
GSE60141.ERF019.Col-0_leaves_tnt_col,21,21/1447,289/22994,0.27843587774376516,1.1692642395983623,1,0.21742863973344898,321
GSE60141.S1FA3.Col-0_leaves_tnt_col,36,36/1447,515/22994,0.27940671510302206,1.122169092642507,1,0.21750916123961966,322
GSE60141.NAC035.Col-0_leaves_tnt_col,39,39/1447,561/22994,0.28120072783068645,1.1156314980087867,1,0.21758681628067225,323
GSE60141.BHLH74.Col-0_leaves_tnt_col,9,9/1447,113/22994,0.28124253380959235,1.2904165282560836,1,0.21758681628067225,324
GSE60141.AT-GTL1.Col-0_leaves_tnt_col,53,53/1447,777/22994,0.2891085023557123,1.09346567778363,1,0.2229841987399955,325
GSE60141.ANAC016.Col-0_leaves_tnt_col,84,84/1447,1255/22994,0.2905705359933593,1.0723963222718178,1,0.22322416067772147,326
GSE60141.MYB44.Col-0_leaves_tnt_col,36,36/1447,518/22994,0.2913728812166542,1.1150216806264006,1,0.22322416067772147,327
GSE60141.RVE4.Col-0_leaves_tnt_col,16,16/1447,217/22994,0.29209118897191216,1.1873995575776672,1,0.22322416067772147,328
GSE60141.AtMYB81.Col-0_leaves_tnt_col,16,16/1447,218/22994,0.2983519221526589,1.181466328157822,1,0.22731575021154965,329
GSE60141.MYR2.Col-0_leaves_tnt_colamp,52,52/1447,765/22994,0.3002005911125263,1.089177519338615,1,0.22774327275931808,330
GSE60141.TCP9.Col-0_leaves_tnt_col,5,5/1447,58/22994,0.30073014607713144,1.4061594817590803,1,0.22774327275931808,331
GSE60141.WRKY31.Col-0_leaves_tnt_colamp,8,8/1447,101/22994,0.3029373496283298,1.2824745226525358,1,0.22872378204869878,332
GSE60141.ABI5.Col-0_leaves_tnt_col,23,23/1447,325/22994,0.309828950094775,1.1362262810875206,1,0.2329054062961194,333
GSE60141.HSFA6B.Col-0_leaves_tnt_col,15,15/1447,205/22994,0.31049949804779714,1.1774193826968218,1,0.2329054062961194,334
GSE60141.TGA3.Col-0_leaves_tnt_col,19,19/1447,265/22994,0.31126320921223405,1.1520918922324777,1,0.2329054062961194,335
GSE60141.GT-1.Col-0_leaves_tnt_col,5,5/1447,59/22994,0.3132641023742577,1.3800583218161397,1,0.23370496526333512,336
GSE60141.MYB73.Col-0_leaves_tnt_col,73,73/1447,1094/22994,0.3158286067875585,1.0681296728362115,1,0.23491900326829274,337
GSE60141.WRKY21.Col-0_leaves_tnt_col,7,7/1447,88/22994,0.31728164120590024,1.2882370161004992,1,0.23530157217636782,338
GSE60141.RAP2-12.Col-0_leaves_tnt_col,23,23/1447,327/22994,0.3203039005094226,1.1286452757865293,1,0.23684221551925835,339
GSE60141.NAC053.Col-0_leaves_tnt_colamp,64,64/1447,957/22994,0.32275763341889374,1.0703371427536288,1,0.23795464738334124,340
GSE60141.MYB3R5.Col-0_leaves_tnt_col,16,16/1447,222/22994,0.32377769935082984,1.1583094423607196,1,0.2380066763556442,341
GSE33120.SVP.Col-0_seedling_4d,44,44/1447,651/22994,0.33241890023246373,1.081852612529607,1,0.24364426215868687,342
GSE60141.HSFB4.Col-0_leaves_tnt_col,3,3/1447,33/22994,0.344662069676695,1.490048283273384,1,0.25188131816994613,343
GSE60141.GT-2.Col-0_leaves_tnt_colamp,102,102/1447,1558/22994,0.35009031587050987,1.046459069957085,1,0.25510457125448005,344
GSE60141.ERF095.Col-0_leaves_tnt_col,4,4/1447,48/22994,0.3574503291112626,1.3546602978235533,1,0.2597127028905019,345
GSE60141.SPL13A.Col-0_leaves_tnt_col,8,8/1447,107/22994,0.3601608734668825,1.2044159992310752,1,0.2606680916288313,346
GSE60141.WRKY6.Col-0_leaves_tnt_col,9,9/1447,122/22994,0.36084505769363484,1.1871469521627116,1,0.2606680916288313,347
GSE60141.HHO6.Col-0_leaves_tnt_col,27,27/1447,398/22994,0.3709822392876323,1.0852560142785097,1,0.267135543452849,348
GSE60141.ANAC103.Col-0_leaves_tnt_colamp,24,24/1447,352/22994,0.371956872282834,1.0910528506414867,1,0.267135543452849,349
GSE60141.PHL1.Col-0_leaves_tnt_col,35,35/1447,522/22994,0.37299510721474927,1.0719495057895296,1,0.267135543452849,350
GSE60141.ERF010.Col-0_leaves_tnt_col,24,24/1447,353/22994,0.3772980585029951,1.087683192261696,1,0.26944742639530134,351
GSE60141.AT5G04390.Col-0_leaves_tnt_col,3,3/1447,35/22994,0.3797009525198446,1.3967998762836853,1,0.27039310255201054,352
GSE60141.AT2G20400.Col-0_leaves_tnt_col,4,4/1447,50/22994,0.3865719904344107,1.2956522927843221,1,0.27450626705068637,353
GSE60141.MYB101.Col-0_leaves_tnt_col,18,18/1447,263/22994,0.39103032506962854,1.0951770997023627,1,0.2765187478279027,354
GSE60141.GT-2.Col-0_leaves_tnt_col,60,60/1447,916/22994,0.3916123223892505,1.0456523242404325,1,0.2765187478279027,355
GSE60141.DREB1F.Col-0_leaves_tnt_col,11,11/1447,157/22994,0.40131935186881046,1.1228369925388242,1,0.2825769219151175,356
GSE60141.NAC92.Col-0_leaves_tnt_col,16,16/1447,234/22994,0.40266841624467015,1.0939158833253186,1,0.28273263213444627,357
GSE60141.ANAC020.Col-0_leaves_tnt_col,29,29/1447,437/22994,0.4107682030135578,1.0596310644741698,1,0.2872842649934079,358
GSE60141.NAC029.Col-0_leaves_tnt_colamp,27,27/1447,406/22994,0.4114430231355058,1.06200199606684,1,0.2872842649934079,359
GSE60141.MYB57.Col-0_leaves_tnt_col,6,6/1447,82/22994,0.41302603922209546,1.1763112391157644,1,0.28758850138427383,360
GSE60141.ATMYB63.Col-0_leaves_tnt_col,5,5/1447,68/22994,0.427323798208888,1.182430173802523,1,0.29671975646637466,361
GSE60141.LBD18.Col-0_leaves_tnt_colamp,215,215/1447,3374/22994,0.43066924073881496,1.0158105633332923,1,0.29821663815431754,362
GSE104369.SHL.Col-0_seedling_10d,41,41/1447,631/22994,0.438784668770287,1.035807106648354,1,0.30254608943537364,363
GSE60141.HHO2.Col-0_leaves_tnt_colamp,20,20/1447,302/22994,0.4397651147569256,1.0568917740938262,1,0.30254608943537364,364
GSE60141.AIL7.Col-0_leaves_tnt_colamp,39,39/1447,600/22994,0.4405425105475188,1.0361725854914594,1,0.30254608943537364,365
GSE60141.ATHB-51.Col-0_leaves_tnt_col,4,4/1447,54/22994,0.4441409575471543,1.1917838046235774,1,0.3034292715179526,366
GSE60141.NAC017.Col-0_leaves_tnt_col,14,14/1447,209/22994,0.444249505241045,1.0697877453570528,1,0.3034292715179526,367
GSE60141.AT1G49010.Col-0_leaves_tnt_col,12,12/1447,178/22994,0.4455840600748393,1.077047072741245,1,0.30351378005097746,368
GSE60141.LBD23.Col-0_leaves_tnt_col,3,3/1447,39/22994,0.44828753389572684,1.2413868259060856,1,0.3045277556364829,369
GSE60141.MYB3R4.Col-0_leaves_tnt_col,49,49/1447,761/22994,0.4549415751124682,1.0256614320327186,1,0.30796499492777824,370
GSE60141.HHO5.Col-0_leaves_tnt_colamp,59,59/1447,919/22994,0.4558045736098633,1.0224987132622445,1,0.30796499492777824,371
GSE60141.MYB61.Col-0_leaves_tnt_col,6,6/1447,86/22994,0.45833736190499297,1.1172875101892943,1,0.30884381375676945,372
GSE60141.ZHD6.Col-0_leaves_tnt_col,3,3/1447,40/22994,0.46497395090944693,1.2077815276530406,1,0.3120394207504263,373
GSE60141.ANAC094.Col-0_leaves_tnt_col,8,8/1447,118/22994,0.46660940072398316,1.0833973966319381,1,0.3120394207504263,374
GSE69431.TRB1.Col-0_seedling_TRB1-GFP_14d,596,596/1447,9440/22994,0.46762308390250057,1.0059454376292845,1,0.3120394207504263,375
GSE60141.NTL8.Col-0_leaves_tnt_col,19,19/1447,291/22994,0.46805913112563946,1.040711993387995,1,0.3120394207504263,376
GSE60141.NAC101.Col-0_leaves_tnt_colamp,30,30/1447,465/22994,0.47095681380475474,1.0275276756623304,1,0.31313839432464685,377
GSE60141.ERF043.Col-0_leaves_tnt_colamp,24,24/1447,372/22994,0.480101546493684,1.0274116961083293,1,0.31837421778064406,378
GSE60141.ERF038.Col-0_leaves_tnt_col,52,52/1447,818/22994,0.49068045752381073,1.0112697838963807,1,0.324530962232107,379
GSE60141.E2F3.Col-0_leaves_tnt_col,8,8/1447,121/22994,0.4951765343506238,1.0545372580861827,1,0.32578543642315755,380.5
GSE60141.RKD2.Col-0_leaves_tnt_col,8,8/1447,121/22994,0.4951765343506238,1.0545372580861827,1,0.32578543642315755,380.5
GSE60141.ERF087.Col-0_leaves_tnt_col,12,12/1447,185/22994,0.49963396974180196,1.0331708927737993,1,0.3275647785107005,382
GSE60141.AT3G42860.Col-0_leaves_tnt_col,22,22/1447,344/22994,0.5004945884425464,1.0176546918354192,1,0.3275647785107005,383
GSE60141.HHO6.Col-0_leaves_tnt_colamp,165,165/1447,2620/22994,0.5089549867547976,1.0009118544344409,1,0.3322345052427151,384
GSE60141.ERF086.Col-0_leaves_tnt_col,4,4/1447,59/22994,0.5135305553315279,1.0831665058773199,1,0.3341961902848558,385
GSE60141.AtGRF6.Col-0_leaves_tnt_col,11,11/1447,171/22994,0.5146265802524774,1.023928770025497,1,0.3341961902848558,386
GSE60141.AT1G19000.Col-0_leaves_tnt_col,41,41/1447,650/22994,0.5174212238401765,1.0025739474598894,1,0.3351427737534993,387
GSE60141.HB-5.Col-0_leaves_tnt_col,6,6/1447,92/22994,0.5244605293308506,1.0390659999657563,1,0.33882673372577293,388
GSE60141.ERF043.Col-0_leaves_tnt_col,26,26/1447,413/22994,0.5284949390362146,1.0004462523949973,1,0.34018926166851543,389
GSE60141.NGA4.Col-0_leaves_tnt_col,3,3/1447,44/22994,0.5292838246704296,1.0897304619689425,1,0.34018926166851543,390
GSE60141.DREB2E.Col-0_leaves_tnt_col,10,10/1447,157/22994,0.5309575217665123,1.0130714669590073,1,0.3403922049176618,391
GSE60141.ARID6.Col-0_leaves_tnt_col,42,42/1447,673/22994,0.5459178382734089,0.9908830328468486,1,0.3490903183517036,392
GSE60141.ANAC057.Col-0_leaves_tnt_colamp,66,66/1447,1058/22994,0.5489492938483638,0.9902759085554932,1,0.35013559709412173,393
GSE60141.ABR1.Col-0_leaves_tnt_col,5,5/1447,79/22994,0.5603528985747319,1.006157078858448,1,0.35650201330642844,394
GSE16940.AMS.Col_cells,5,5/1447,80/22994,0.5716966798432337,0.9926956315793717,1,0.3627982305840605,395
GSE60141.ANAC050.Col-0_leaves_tnt_col,46,46/1447,745/22994,0.5760914370019234,0.9792807034301001,1,0.36441197750994614,396
GSE60141.MYB88.Col-0_leaves_tnt_col,14,14/1447,228/22994,0.5771471611892898,0.9739135383393642,1,0.36441197750994614,397
GSE60141.MYB108.Col-0_leaves_tnt_col,3,3/1447,48/22994,0.5890357706019811,0.9927057490224175,1,0.3709840029252008,398
GSE60141.ERF017.Col-0_leaves_tnt_col,93,93/1447,1506/22994,0.5933825867972533,0.9787061467098016,1,0.37278505035215914,399
GSE60141.BIM1.Col-0_leaves_tnt_colamp,21,21/1447,346/22994,0.6004922038595404,0.961619379345086,1,0.3763084477519786,400
GSE60141.NAC010.Col-0_leaves_tnt_col,45,45/1447,736/22994,0.6027985741552399,0.9687635891870123,1,0.376811743777839,401
GSE60141.NAC062.Col-0_leaves_tnt_col,21,21/1447,348/22994,0.6111795316884876,0.9556479200210807,1,0.379844641189939,402
GSE48082.MAF1.Col-0_seedling_10d-FLMbeta,13,13/1447,217/22994,0.6132323317915642,0.9484623874896192,1,0.379844641189939,403
GSE60141.ANAC058.Col-0_leaves_tnt_col,22,22/1447,365/22994,0.6145578695886218,0.9544034784210899,1,0.379844641189939,404
GSE60141.LBD13.Col-0_leaves_tnt_colamp,60,60/1447,982/22994,0.6149062213769163,0.9676940622246727,1,0.379844641189939,405
GSE60141.WRKY11.Col-0_leaves_tnt_col,4,4/1447,67/22994,0.6152270917145555,0.9452984703003188,1,0.379844641189939,406
GSE60141.HAT2.Col-0_leaves_ecoli_col,6,6/1447,101/22994,0.6167462577996742,0.9402258097897273,1,0.37984699907072483,407
GSE60141.ERF15.Col-0_leaves_tnt_colamp,170,170/1447,2753/22994,0.6197604692418188,0.9773792198767182,1,0.37998868222347953,408
GSE60141.NAC078.Col-0_leaves_tnt_col,38,38/1447,627/22994,0.6200081291066615,0.9596382234325425,1,0.37998868222347953,409
GSE60141.AT1G24250.Col-0_leaves_tnt_col,9,9/1447,152/22994,0.6230334992083008,0.9367921239726646,1,0.38091153772735137,410
GSE60141.AT1G74840.Col-0_leaves_tnt_col,45,45/1447,742/22994,0.6248845373399822,0.9601478664921658,1,0.3811136837629088,411
GSE60141.ASIL2.Col-0_leaves_tnt_col,37,37/1447,613/22994,0.629024239269167,0.9553877510939623,1,0.38234164353893063,412
GSE60141.ANAC057.Col-0_leaves_tnt_col,22,22/1447,368/22994,0.6299485323733178,0.9459944937488659,1,0.38234164353893063,413
GSE60141.DOF2-4.Col-0_leaves_tnt_col,13,13/1447,221/22994,0.6395036086217399,0.9300485013887088,1,0.3872034731751598,414
GSE60141.ERF015.Col-0_leaves_tnt_col,29,29/1447,487/22994,0.6489626702161835,0.9417003607913546,1,0.3919838779137108,415
GSE60141.HAT5.Col-0_leaves_tnt_col,2,2/1447,35/22994,0.6557626407758332,0.9023400594618969,1,0.3951390271341559,416
GSE60141.ERF2.Col-0_leaves_tnt_col,12,12/1447,208/22994,0.663617474366055,0.9109449898744689,1,0.39886421257507715,417
GSE60141.AT5G23930.Col-0_leaves_tnt_col,36,36/1447,606/22994,0.6655852227729612,0.9389540769848939,1,0.39886421257507715,418
GSE60141.AtMYB70.Col-0_leaves_tnt_col,65,65/1447,1080/22994,0.6667185042644574,0.9514162127302245,1,0.39886421257507715,419
GSE60141.STKL2.Col-0_leaves_tnt_col,7,7/1447,124/22994,0.6701601229063697,0.8903741838631759,1,0.3999685812901508,420
GSE60141.MYB96.Col-0_leaves_tnt_col,5,5/1447,90/22994,0.6759456125732134,0.875501096105017,1,0.40199403234605735,421
GSE60141.ERF014.Col-0_leaves_tnt_col,8,8/1447,142/22994,0.6767612299868466,0.8883877687112702,1,0.40199403234605735,422
GSE60141.ERF118.Col-0_leaves_tnt_col,68,68/1447,1135/22994,0.6841909207867105,0.9464769421984686,1,0.4054464715773099,423
GSE60141.LOB.Col-0_leaves_tnt_col,18,18/1447,314/22994,0.6929967666955723,0.9043330385866079,1,0.40900649182960136,424
GSE60141.ERF4.Col-0_leaves_tnt_col,28,28/1447,482/22994,0.6976680577365699,0.9167658686321193,1,0.40900649182960136,425
GSE60141.AIL6.Col-0_leaves_tnt_col,2,2/1447,38/22994,0.6997711288624255,0.8270288291389563,1,0.40900649182960136,426.5
GSE60141.HSFB2B.Col-0_leaves_tnt_col,2,2/1447,38/22994,0.6997711288624255,0.8270288291389563,1,0.40900649182960136,426.5
GSE60141.ANAC050.Col-0_leaves_tnt_colamp,91,91/1447,1516/22994,0.7006917106435947,0.9476267986454809,1,0.40900649182960136,428
GSE60141.HSFB2B.Col-0_leaves_tnt_colamp,21,21/1447,366/22994,0.7011297384189907,0.9050193821563796,1,0.40900649182960136,429
GSE60141.LEP.Col-0_leaves_tnt_col,11,11/1447,197/22994,0.7016201788034386,0.8797258641266549,1,0.40900649182960136,430
GSE60141.ZHD9.Col-0_leaves_tnt_col,8,8/1447,146/22994,0.7063953798544724,0.8624758181726248,1,0.40991747571425724,431
GSE60141.KUA1.Col-0_leaves_tnt_col,36,36/1447,617/22994,0.7064535219756349,0.9206934778468904,1,0.40991747571425724,432
GSE60141.HSFC1.Col-0_leaves_tnt_col,21,21/1447,368/22994,0.7103474508136416,0.8997181297219482,1,0.4112250061677124,433
GSE60141.MYB27.Col-0_leaves_tnt_col,4,4/1447,77/22994,0.7220127704179389,0.8154246602736326,1,0.4157389597138557,434
GSE60141.NAC105.Col-0_leaves_tnt_colamp,20,20/1447,354/22994,0.7233200436016687,0.8901472978389722,1,0.4157389597138557,435
GSE60141.HHO3.Col-0_leaves_tnt_col,52,52/1447,887/22994,0.7247203900439438,0.9246224110848803,1,0.4157389597138557,436
GSE60141.ERF012.Col-0_leaves_tnt_col,3,3/1447,59/22994,0.7264374907766042,0.7973014698843304,1,0.4157389597138557,437.5
GSE60141.ATBZIP42.Col-0_leaves_tnt_colamp,3,3/1447,59/22994,0.7264374907766042,0.7973014698843304,1,0.4157389597138557,437.5
GSE60141.BHLH10.Col-0_leaves_tnt_col,23,23/1447,406/22994,0.7293994478575465,0.8925179633565693,1,0.41648320788828774,439
GSE60141.HSFB2A.Col-0_leaves_tnt_col,12,12/1447,222/22994,0.7468799065771504,0.8496565982101241,1,0.42549521950455843,440
GSE118025.LDL1.Col-0_seedling_14d,49,49/1447,847/22994,0.7523958098678771,0.9113446131508575,1,0.4273268998376631,441
GSE60141.E2FD.Col-0_leaves_tnt_col,8,8/1447,153/22994,0.7538413241864979,0.8205695160741903,1,0.4273268998376631,442
GSE60141.HSFA1B.Col-0_leaves_tnt_col,49,49/1447,848/22994,0.7552093748460827,0.9101600589144916,1,0.4273268998376631,443
GSE70533.CCA1.Ws-2_seedling_14d-LL-ZT14,7,7/1447,136/22994,0.759483426417766,0.8070945693294864,1,0.42877742992954954,444
GSE60141.ATHB-5.Col-0_leaves_tnt_col,5,5/1447,100/22994,0.7618244005686673,0.782975824571839,1,0.4291325462379309,445
GSE60141.HSFA6A.Col-0_leaves_tnt_colamp,3,3/1447,65/22994,0.7847014492357395,0.7199396676014019,1,0.4410280193014021,446
GSE60141.LBD13.Col-0_leaves_tnt_col,2,2/1447,46/22994,0.7946332779697346,0.6764039140763085,1,0.44493225661130514,447
GSE60141.NAC045.Col-0_leaves_tnt_col,28,28/1447,509/22994,0.7964249631330377,0.8641952049526856,1,0.44493225661130514,448
GSE60141.NAC053.Col-0_leaves_tnt_col,26,26/1447,475/22994,0.7969730713503033,0.8597525117657691,1,0.44493225661130514,449
GSE60141.ERF5.Col-0_leaves_tnt_col,10,10/1447,199/22994,0.8101434624937873,0.7863952285656303,1,0.4512799139224652,450
GSE60141.ERF15.Col-0_leaves_tnt_col,53,53/1447,944/22994,0.8272989159959315,0.8814130743898528,1,0.4582773634836716,451
GSE60141.ANAC028.Col-0_leaves_tnt_col,31,31/1447,571/22994,0.8279985963282809,0.8516619484641677,1,0.4582773634836716,452
GSE60141.RAP2-1.Col-0_leaves_tnt_col,26,26/1447,485/22994,0.8281900757637097,0.8406217052670588,1,0.4582773634836716,453
GSE60141.ANAC038.Col-0_leaves_tnt_col,5,5/1447,112/22994,0.8407688625546919,0.6947731533290826,1,0.46339913129666166,454
GSE60141.AT2G33710.Col-0_leaves_tnt_col,49,49/1447,883/22994,0.8411433699733288,0.8704894135229222,1,0.46339913129666166,455
GSE60141.AS2.Col-0_leaves_tnt_col,2,2/1447,52/22994,0.8473408814594706,0.5950666747395285,1,0.46578972431105403,456
GSE60141.ERF021.Col-0_leaves_tnt_col,127,127/1447,2190/22994,0.8527023661753932,0.9086599297235283,1,0.4677112905644753,457
GSE60141.KAN2.Col-0_leaves_tnt_col,2,2/1447,53/22994,0.8548247398234996,0.5833711902682583,1,0.4678516771086402,458
GSE95301.AGO1.Col-0_seedling_10d-wt_IAAcontrol,864,864/1447,14026/22994,0.8567690963957679,0.9441229742950635,1,0.46789423419725307,459
GSE60141.ANAC096.Col-0_leaves_tnt_colamp,9,9/1447,192/22994,0.8597422494154386,0.7306552687461413,1,0.4684972257684129,460
GSE60141.AtbZIP48.Col-0_leaves_tnt_col,7,7/1447,155/22994,0.8628123979516213,0.7028527086262898,1,0.4691503421978447,461
GSE60141.TRB2.Col-0_leaves_tnt_col,30,30/1447,573/22994,0.8752665545652695,0.8189375837794687,1,0.474892098869468,462
GSE60141.RAP2-6.Col-0_leaves_tnt_col,18,18/1447,364/22994,0.8831999220786355,0.771822829903515,1,0.47816151288922526,463
GSE60141.CRF4.Col-0_leaves_tnt_colamp,31,31/1447,597/22994,0.8887596520461596,0.8115305551111964,1,0.48003459666378034,464
GSE60141.RAP2-11.Col-0_leaves_tnt_col,14,14/1447,294/22994,0.8904897105664543,0.7420390577414341,1,0.48003459666378034,465
GSE60141.ERF109.Col-0_leaves_tnt_col,11,11/1447,243/22994,0.9036870519486688,0.703771331194991,1,0.48414221108007544,466
GSE60141.HSFA1B.Col-0_leaves_tnt_colamp,124,124/1447,2185/22994,0.9039870147600564,0.8861247950920419,1,0.48414221108007544,467
GSE60141.NAC105.Col-0_leaves_tnt_col,5,5/1447,126/22994,0.9042797190588122,0.6139815820141006,1,0.48414221108007544,468
GSE60141.AT5G61620.Col-0_leaves_tnt_col,21,21/1447,428/22994,0.9058352273798753,0.7649032841415984,1,0.48414221108007544,469
GSE60141.AT5G08750.Col-0_leaves_tnt_col,4,4/1447,108/22994,0.9145386531429063,0.5715311976692771,1,0.48775394834288327,470
GSE60141.ERF8.Col-0_leaves_tnt_col,14,14/1447,308/22994,0.9233874727346323,0.7062361826227207,1,0.49141807736255677,471
GSE60141.ERF087.Col-0_leaves_tnt_colamp,116,116/1447,2075/22994,0.9253297839699207,0.8714702272443948,1,0.49141807736255677,472
GSE60141.ANAC13.Col-0_leaves_tnt_col,24,24/1447,497/22994,0.9313839784605739,0.7514272228242508,1,0.49228525114531835,473
GSE60141.MYB49.Col-0_leaves_tnt_col,5,5/1447,135/22994,0.9323058873565047,0.5712333659033236,1,0.49228525114531835,474
GSE60141.AT5G05550.Col-0_leaves_tnt_colamp,32,32/1447,642/22994,0.9328543655346792,0.7761978992011542,1,0.49228525114531835,475
GSE60141.ERF003.Col-0_leaves_tnt_col,44,44/1447,857/22994,0.9360456450813897,0.7997989072644552,1,0.49293160021092786,476
GSE60141.ERF115.Col-0_leaves_tnt_col,28,28/1447,580/22994,0.9450299403271433,0.7504919275856594,1,0.4966195074255847,477
GSE79453.CHR27.Col-0_seedling_6d-NHS,9,9/1447,227/22994,0.952211772549254,0.6123371541889371,1,0.4983432736911862,478
GSE60141.ERF086.Col-0_leaves_tnt_colamp,11,11/1447,269/22994,0.9552594254476294,0.6320722314707667,1,0.4983432736911862,479
GSE60141.ANAC096.Col-0_leaves_tnt_col,16,16/1447,367/22994,0.9563428952025503,0.6751808347325619,1,0.4983432736911862,480
GSE79453.CHR27.Col-0_seedling_6d-ACC,13,13/1447,318/22994,0.9664880424817575,0.6313667299762438,1,0.4983432736911862,481
GSE33120.SVP.Col-0_inflorescence-flower-meristem_2w-wt,1,1/1447,53/22994,0.9682180533121435,0.2858774840575725,1,0.4983432736911862,482
GSE60141.ERF11.Col-0_leaves_tnt_col,33,33/1447,697/22994,0.968273063312058,0.7339728102950305,1,0.4983432736911862,483
GSE60141.ERF091.Col-0_leaves_tnt_col,7,7/1447,198/22994,0.9692133591893362,0.5435174518827606,1,0.4983432736911862,484
GSE60141.AT2G20110.Col-0_leaves_tnt_col,27,27/1447,595/22994,0.9739102364822678,0.7022668207061088,1,0.4983432736911862,485
GSE60141.AT5G05550.Col-0_leaves_tnt_col,18,18/1447,425/22994,0.9743870962348796,0.6542469114003555,1,0.4983432736911862,486
GSE60141.AT2G15740.Col-0_leaves_tnt_col,6,6/1447,183/22994,0.9763439575096379,0.5027004102508269,1,0.4983432736911862,487
GSE60141.ERF023.Col-0_leaves_tnt_col,2,2/1447,98/22994,0.9871447822515126,0.3092802070799661,1,0.4983432736911862,488
GSE60141.ERF3.Col-0_leaves_tnt_col,28,28/1447,646/22994,0.9881085920218409,0.6682244382881465,1,0.4983432736911862,489
GSE60141.AT1G72740.Col-0_leaves_tnt_col,2,2/1447,116/22994,0.9953958794114226,0.26022856323865157,1,0.4983432736911862,490
GSE56706.AL5.Col-0_whole-plant_3w,10,10/1447,316/22994,0.9958649406161505,0.4830400180451246,1,0.4983432736911862,491
GSE60141.TCX3.Col-0_leaves_tnt_col,9,9/1447,298/22994,0.9965310464518595,0.4603824647305282,1,0.4983432736911862,492
GSE97288.AT3G11100.Col-0_seedling_3d-air,252,252/1447,4675/22994,0.9982884692336267,0.8164440751884351,1,0.4983432736911862,493
GSE60141.GATA4.Col-0_leaves_tnt_col,7,7/1447,289/22994,0.9993442626488134,0.3665762829713735,1,0.4983432736911862,494
GSE56706.AL5.Col-0_whole-plant_3w-mutant,1,1/1447,116/22994,0.9994786906846094,0.12888846540281823,1,0.4983432736911862,495
GSE69431.TRB1.Col-0_seedling_TRB1_14d,211,211/1447,4077/22994,0.9995911319186734,0.7807556267456076,1,0.4983432736911862,496
GSE60141.GATA20.Col-0_leaves_tnt_colamp,227,227/1447,4426/22994,0.9998759884807065,0.7687357819055545,1,0.4983432736911862,497
GSE60141.TRP2.Col-0_leaves_tnt_colamp,12,12/1447,467/22994,0.9999436408974701,0.38765719597317583,1,0.4983432736911862,498
GSE97288.AT3G11100.Col-0_seedling_3d-C2H4,195,195/1447,4031/22994,0.9999933345576576,0.7191240565464669,1,0.4983432736911862,499
GSE112951.DET1.Col-0_seedling_5d-L,113,113/1447,4863/22994,1,0.2995412961109664,1,0.4983432736911862,501.5
GSE112951.DET1.Col-0_seedling_det1_5d-D,70,70/1447,3279/22994,1,0.2905083717783239,1,0.4983432736911862,501.5
GSE112951.DET1.Col-0_seedling_det1_5d-L,65,65/1447,3092/22994,1,0.28777091260670734,1,0.4983432736911862,501.5
GSE112951.DET1.Col-0_seedling_5d-D,84,84/1447,3988/22994,1,0.27851925168505043,1,0.4983432736911862,501.5
