TF_id,mean_value,pvalue,TFPeak_number,rank
FUS3,0.17912576702542637,1.9723519888818425e-60,3383,1
LEC2,0.1593806986963363,8.659685208811126e-57,2904,2
ABI3,0.16820023123389044,1.7224565087487353e-56,2370,3
AT5G66940,0.4879171179286436,1.9902601388836664e-55,37990,4
LEC1,0.45358301097079257,2.059970056047923e-54,48073,5
OBP3,0.5993021967009934,7.419153623061611e-54,51771,6
AT1G69570,0.40073539993224405,5.299002389389379e-53,31145,7
IDD2,0.2916401270735111,5.65164065302788e-51,24356,8
OBP1,0.25325302982182796,7.857760027119635e-50,18538,9
DOF5.3,0.28133449311656944,6.550775609562178e-49,23535,10
AT2G28810,0.2186591589737775,1.2243202234716915e-48,17649,11
BBM,0.7133610036906151,3.439963684633894e-42,69571,12
IDD4,0.18121699522723442,8.701305522706167e-41,12116,13
DOF2.4,0.16892879820730952,3.198932319296256e-39,13511,14
PI,0.3084711066050331,7.283149846634405e-39,27217,15
AT1G14580,0.2045110272446079,1.7917246235049783e-38,20816,16
AT5G02460,0.3214101570555307,5.999970200779879e-38,32970,17
JKD,0.16842977709064583,8.507058821140013e-38,14667,18
AT3G45610,0.1809423508018484,5.770018388174648e-37,13206,19
Adof1,0.2325689065055226,1.376663704899191e-36,18525,20
AP1,0.24858337327282976,1.6127451531213354e-35,23631,21
MGP,0.14339892385257658,7.024031390123747e-34,9353,22
IDD7,0.15277825754092267,1.9895307768369444e-33,9965,23
COG1,0.17644065339376233,3.6671836828257154e-32,15735,24
dof4.2,0.15643206445981225,5.610788704585251e-32,13792,25
SGR5,0.14909362566437184,2.0975441533057344e-31,10971,26
BPC1,0.6290388108579411,4.861570027134419e-31,68383,27
TCP3,0.07871907703099731,1.654439606203434e-30,4054,28
NUC,0.1091875330509536,6.553050368851327e-30,8497,29
TCP24,0.07982775324093,1.5613550595883725e-29,3996,30
SEP3,0.09154658296919704,2.659106593252106e-29,8558,31
TCP5,0.065516079634219307,4.817992652879426e-29,2854,32
BPC6,0.8196685007214248,1.2518205336997488e-28,43859,33
SVP,0.13845897997085627,2.3452886714981723e-28,8786,34
IDD5,0.11343034158486781,2.769689794777305e-28,9869,35
FLC,0.12583769543627446,2.7055712765642364e-27,8679,36
AHL12,0.0903699717303896,4.564130330754228e-27,5748,37.5
AHL25,0.0903699717303896,4.564130330754228e-27,5748,37.5
TCP4,0.05861930482259972,2.845251005657489e-26,3466,39
bHLH130,0.07990660489216674,3.4280503419196777e-25,2784,40
HY5,0.13617589510379663,4.49609238751721e-25,7185,41
PIF3,0.09084824176349034,6.760322954442519e-25,5392,42
MYC3,0.14369584198729546,9.424779769479232e-25,8498,43
AGL55,0.11023539942989105,1.0825116128609054e-24,10984,44
ATHB40,0.0788784796094825,6.4586835180797465e-24,4337,45
TCP19,0.06664522472226606,1.876325837158214e-23,4147,46
BEH3,0.10863044010827769,4.991335405017263e-23,6747,47
SOC1,0.08385564395622654,5.3125851732462e-23,7539,48
BPC5,0.5212689455922189,1.077814385051388e-22,58090,49
AP3,0.10571928739521562,1.6743933151260494e-22,7047,50
PIF4,0.12369604568334511,2.283445647312845e-22,7712,51
ATHB-16,0.056669452120881564,3.914560893467429e-22,4341,52
bHLH31,0.07447022661558197,1.5767488422007507e-21,5166,53
DOF5.6,0.07820896372796249,2.205911607485625e-21,5842,54
WRKY20,0.05932349421313738,4.41792770902859e-21,3615,55
ABI5,0.10701380726962824,7.777762112433997e-21,6169,56
ABF4,0.07619745250227627,1.0194006611854067e-20,4637,57
WRKY42,0.05970392509391666,1.3566315047361713e-20,3267,58
bZIP16,0.10815006158959908,1.8943603896822812e-20,6254,59
PIF5,0.06254080180516622,3.93145394913956e-20,3462,60
BZR2,0.09374792892029973,4.3636219305433987e-20,5875,61
ABF1,0.09163670220856264,5.3295346759185514e-20,5783,62
AREB3,0.1121018773783693,8.789429441407516e-20,6777,63
TCP1,0.054040135262512536,1.0510977172289223e-19,3946,64
PIF7,0.09351482043464664,3.3401423072480074e-19,6461,65
TCP20,0.051999644358795206,3.5965514296127307e-19,3529,66
DPBF3,0.0821177399310805,3.8099601292898107e-19,5170,67
TCP23,0.04986370655750591,3.935718235877399e-19,4800,68
TCP17,0.05126273729282857,4.164806712904549e-19,3543,69
bZIP68,0.0945532649736601,1.0223938015676577e-18,5820,70
SPT,0.08490307265153932,1.1099795213007496e-18,5670,71
ATHB18,0.05110257620794251,1.4646914335157646e-18,2661,72
ZHD3,0.04747572466076919,1.6269724465556076e-18,2856,73
TCP7,0.06544375500392166,1.9410577947178872e-018,3324,74
GBF3,0.08936571401458798,2.229675600204495e-18,5577,75
TCP21,0.0648121757840554,2.235347333633382e-18,3893,76
PTF1,0.05226379739035685,4.035051913305305e-18,3387,77
WRKY50,0.060758593065268714,5.282360156457097e-18,4112,78
MYC2,0.08551815857975684,7.225652148655367e-18,4504,79
WRKY24,0.05639239661485504,9.525386575345612e-18,3760,80
bZIP28,0.08476177473338996,2.4942234157081033e-17,5133,81
BHLH13,0.09077562258808601,2.689541134258824e-17,6060,82
BEH4,0.08236113305990761,4.3476139490420056e-17,5079,83
RVE1,0.04943531236679148,4.5504086185774585e-17,3290,84
bZIP3,0.0672605081251231,9.322773949445797e-17,4167,85
At1g72010,0.06503041695096745,9.328964668625508e-17,3670,86
bHLH69,0.07151276575744521,1.2204685304604198e-16,4609,87
WRKY70,0.04068288576934079,1.2371377350539958e-16,2920,88
bZIP42,0.04450154894471948,1.4219112575753627e-16,3215,89
BHLH34,0.09300721335233494,1.627179865176737e-16,5997,90
MYC4,0.07961512696008542,2.057494025063693e-16,5008,91
At5g05790,0.039438086340839,2.8477119008265504e-16,3130,92
AGL42,0.075216929196677,3.569996871335627e-16,6287,93
HBI1,0.0720857816914045,4.0432973283894943e-16,4003,94
ZHD1,0.056429823645613476,5.153758039209855e-16,3588,95
AGL13,0.05633813543964014,5.430654763001646e-16,4711,96
WRKY27,0.051649180335216927,5.74124496293358e-16,3735,97
TCP8,0.05334765409389303,6.134069872489174e-16,3966,98
UNE10,0.06893916878393205,7.207226811465389e-16,5192,99
BZR1,0.0668842245373974,7.735779192300968e-16,3965,100
WRKY55,0.05234511105431498,7.964972786691419e-16,3124,101
ARF1,0.016393600155279242,9.235419633873349e-16,2252,102
GBF6,0.05082670987607842,9.354357616711875e-16,3439,103
CDF2,0.06699316776131087,1.0472010115461174e-15,4836,104
WRKY6,0.040307394469803026,1.0474639266626507e-15,3527,105
TCP16,0.051882792188441954,1.1333456496429524e-15,3674,106
GT-2,0.044961040873268375,1.4602002106631647e-15,3403,107
TCP15,0.051767798604134774,1.8316843562927575e-15,3453,108
ATHB15,0.038302065989781454,1.9091345881344318e-015,2616,109
PIF1,0.07972084247687511,2.2203802261021633e-15,6231,110
bZIP53,0.045456336668984194,2.705758219579543e-15,3413,111
AGL6,0.07361063191806802,3.4545916072660476e-15,5563,112
GBF2,0.058540913502457784,3.581337619689374e-15,4854,113
RAP2-10,0.02196430240580722,3.703749459057088e-15,2476,114
OBP4,0.06670732638960675,4.2847459843539766e-15,6427,115
WRKY47,0.04357679865477127,4.586812480338179e-15,2903,116
MYB118,0.013238987111313102,5.865976710453197e-15,1753,117
WRKY46,0.043360693389395306,8.367185705672738e-15,4296,118
BHLH3,0.07861581078342726,8.379700282461898e-15,5316,119
DOF1.8,0.0457347325238694,8.679621781057264e-15,3507,120
AT3G10113,0.0459151669432403,1.194587144068129e-14,3390,121
MYB101,0.038875958188558005,1.2808019599680957e-14,4957,122
AHL20,0.04942972369566001,1.425975308021985e-14,5278,123
bHLH80,0.05557018304179449,1.5565842321032755e-14,2705,124
TCX3,0.06121859908465407,1.8360732726154908e-14,4101,125
WRKY7,0.0584308708584216,2.0843100459338026e-14,4128,126
bZIP44,0.043854031798115124,2.755367747077802e-14,3495,127
AGL15,0.049436557982135504,2.9317608345897593e-14,4916,128
At3g11280,0.03999921423138002,4.691322213123493e-14,2777,129
DAG2,0.05741883893026441,5.1280912835853214e-14,4979,130
WRKY60,0.050450458150507096,5.1793824589993134e-14,3151,131
BHLH104,0.09295306445660055,5.526300288567587e-14,5483,132
BEH2,0.06006569492930621,8.131596127498659e-14,4163,133
ATHB53,0.04955612624872937,1.1320184997427326e-13,2909,134
AGL27,0.058511191559833406,1.2272485673151533e-13,5105,135
TRP1,0.05020938058869921,1.2389398240187494e-13,5395,136
CCA1,0.0546547820961416,1.3120315952116345e-13,3166,137
bZIP48,0.04698143487563937,1.560996317031532e-13,3499,138
WRKY11,0.051464832748580006,1.800934086824759e-13,3889,139
ZHD6,0.06397602833549572,2.0293892762467372e-13,3538,140
bHLH18,0.06428542553942565,2.0981444980879123e-13,3645,141
ATHB20,0.049056122837888516,2.302600410468163e-13,2688,142
ATHB-5,0.03995095552827747,2.3099909443900657e-13,2580,143
WRKY31,0.048071607686200335,2.659351720803123e-13,3323,144
AT1G47655,0.04279149122812011,3.172194651913471e-13,3444,145
GT-A3,0.046403764400646974,3.179377615678433e-13,3399,146
WRKY28,0.047516543740004205,3.595112600210443e-13,3010,147
bZIP43,0.04030109274731671,4.888166968004534e-13,3292,148
RVE7,0.05150034592197748,5.094688973244524e-13,3430,149
SPL8,0.029255978322125443,5.403702674427071e-13,1910,150
AT3G46070,0.06121725515214075,5.633000803972677e-13,3677,151
WRKY8,0.03936211655284732,5.968395994792714e-13,3712,152
TGA1,0.03282623159253995,5.96992692297986e-13,2200,153
At2g45680,0.04176738250524546,6.065114654443517e-13,3021,154
AT1G76880,0.03629180269688465,8.283354272035634e-13,3942,155
ERF039,0.010767729613473678,8.326447462487586e-13,2506,156
ARF2,0.04638667423374206,9.599493300885285e-13,3707,157
At3g09600,0.04258133032416184,1.0242724664955613e-12,3084,158
NAC078,0.04329092387370249,1.1127593139778648e-12,4139,159
NAC062,0.028612755459660376,1.1830771638336468e-12,3031,160
WRKY2,0.05553201840300578,1.2312777180679925e-12,3352,161
HAT5,0.03485612679557386,1.3131501534530582e-12,2188,162
WRKY30,0.03743178092169338,1.6660532099579296e-12,2641,163
AIB,0.05364653067374314,1.7982599469278403e-12,2412,164
DOF2.5,0.024981609158354817,1.8325026479281012e-12,2567,165
TRP2,0.04961120024242886,2.144887406436419e-12,6155,166
TGA6,0.03185707684558255,2.335190062860012e-12,1788,167
ATHB13,0.046070536340951845,3.3536252344031757e-12,2422,168
ARF5,0.017263071657499268,5.22854871128496e-12,2089,169
RAV1,0.03444207052420543,6.809969219498511e-12,2989,170
NAC043,0.017821822594429625,7.26299232832989e-12,1030,171
TGA10,0.04117885886198155,9.630071142647898e-12,2382,172
AGL25,0.044768891140462466,1.0100754362059558e-11,4857,173
TCX2,0.040931060032781144,1.119129396620237e-11,4915,174
TCP14,0.05203131467720815,1.356215227534072e-11,3345,175
TINY,0.015178998045603125,1.3648211966023113e-11,2698,176
AT2G40260,0.04082579260462007,1.3759031912716714e-11,2848,177
ERF037,0.006449103235851308,1.4029041198832702e-11,2583,178
MYB113,0.023287787073990096,1.4035467229723399e-11,1809,179
WRKY59,0.040922802199031695,1.555540388167904e-11,3748,180
NTL8,0.03379827221538506,1.980617532220452e-11,3397,181
AT4G32800,0.010190347033271263,1.9876491228438e-11,2662,182
DEAR3,0.025384473460998147,2.1314695356418e-11,3216,183
ATHB-51,0.043565515217743926,2.2635723939636513e-11,2711,184
bZIP50,0.03434116997827494,2.408596626216906e-11,2202,185
WRKY43,0.03485012244402203,2.8578837757637998e-11,3403,186
ABF2,0.06173577192250154,3.998376739367581e-11,3578,187
RVE5,0.03248472639942533,4.905857433096738e-11,3582,188
ATHB34,0.06058477383602088,5.357382172306711e-11,3608,189
AT3G52440,0.043775807981855874,6.293869426750956e-11,3663,190
TCP2,0.03789793204315784,7.449602813604072e-11,3267,191
SOL1,0.05336564798024346,8.066389913670948e-11,4888,192
AT2G20110,0.05849271208571913,8.897571627854067e-11,4992,193
TSO1,0.05774930932363739,8.924497738206934e-11,4588,194
WRKY17,0.04637297813265162,9.114393243143422e-11,4386,195
TGA9,0.030022413000686567,9.465270323888444e-11,2237,196
TGA2,0.025615505163335193,1.1120821879314149e-10,1929,197
HAT2,0.027456405306170113,1.2725706430338392e-10,2090,198
SRM1,0.031405848129947594,1.361470218224338e-10,2263,199
NAC92,0.025026882333509345,1.7177440424614944e-10,3100,200
KAN1,0.03258088999895922,2.1383640164796347e-10,2639,201
WRKY12,0.02091512283123976,2.651947651535535e-10,2421,202
HAT1,0.028505930446471164,2.9549477419245076e-10,1444,203
AT1G76870,0.04027876444792115,3.1240652180217666e-10,4949,204
PHL12,0.038665014480370075,3.3464170989721264e-10,3180,205
HYH,0.047964196683824525,3.440508458557335e-10,3771,206
ARR10,0.05031428833616784,3.4907109012594364e-10,4324,207
BIM2,0.039903051414044356,3.829653394702612e-10,3528,208
ATHB23,0.049256801886121526,3.8847637512183054e-10,2664,209
WRKY29,0.046824599648804754,3.9115660700634094e-10,3682,210
AT5G47660,0.024916628918347422,4.013291588474661e-10,2752,211
RVE6,0.03182800333938687,4.0337012480557235e-10,3437,212
bHLH74,0.06001904801512545,4.3359981869422117e-10,4373,213
TGA5,0.032328870121737116,4.381697867785035e-10,2326,214
AGL63,0.042344734578642504,4.401216366536822e-10,4038,215
WRKY33,0.046717341384863956,4.4168077676116576e-10,3846,216
WRKY63,0.0311502135783534,4.500891998220128e-10,2067,217
WUS,0.04580059761477587,4.52152996058619e-10,2343,218
BIM1,0.03826701356517604,4.598332537274739e-10,3405,219
DREB2C,0.0085030760864288,5.591910163030974e-10,2594,220
ARR18,0.025699999551878353,6.01079977030391e-10,1621,221
MYR2,0.0323231252042943,6.151031998165068e-10,2392,222
LHY1,0.034554950532583714,6.5312218313439435e-010,2771,223
CDF3,0.02942808212496173,7.644130778568374e-10,3589,224
AGL16,0.033065644434581716,9.372917288407418e-10,3852,225
ERF027,0.014576393489706838,9.642929340111551e-10,2242,226
AT5G56840,0.02654807824815964,1.0235547009054626e-9,2256,227
EPR1,0.04219579264260062,1.0520615555187888e-9,3125,228
WRKY15,0.04208267480568212,1.1665326087128077e-9,3029,229
MYB55,0.023261811347509598,1.3153330014051174e-9,1782,230
MYB62,0.01850325560814676,1.6080484794931084e-9,1901,231
AGL1,0.03144359758384002,2.094918617101609e-9,2945,232
TGA4,0.03689562544115691,2.115888750569358e-9,2781,233
WRKY45,0.024883538968234815,2.4177506750159018e-9,2289,234
ESE3,0.10923767650723018,2.452205021803875e-9,10687,235
AT4G16750,0.011548134188243075,2.6326774527886604e-9,4040,236
LBD18,0.007123452036759348,2.666031558034413e-9,2955,237
WRKY3,0.047725751168234604,2.9382712693586435e-9,4034,238
bHLH77,0.037830074053653975,3.2995530891277597e-9,3591,239
AT4G28140,0.05638321901080369,3.752744732854464e-9,5428,240
WRKY22,0.041909812030367866,3.82570693758539e-9,3712,241
ZHD5,0.03821998290919497,3.838457716113724e-9,2168,242
dof4.5,0.03382208077781613,3.944071678142362e-9,3529,243
LCL1,0.023674779710853668,3.982226437006953e-9,2637,244
ERF38,0.012603877346621571,4.146469035623427e-9,2921,245
TGA3,0.028787289421954545,4.344991004691947e-9,2186,246
MYB57,0.02109708775811776,4.7213367685411405e-9,1475,247
WRKY18,0.03871302252896841,5.189764622840056e-9,3243,248
ERF035,0.01754230021949079,5.3562480957286674e-009,2527,249
AT-GTL1,0.020233612470747453,5.558687227019071e-9,2707,250
WRKY26,0.04657422551564131,6.024662630669381e-9,3866,251
AT1G44830,0.044606729813006896,7.186442695443078e-9,8501,252
AT4G12670,0.03527394488680552,7.242514582078926e-9,4884,253
PHL11,0.026463167184841818,7.737707261199294e-9,2319,254
TGA7,0.025783045567622547,7.897227875765842e-9,1642,255
At5g58900,0.03690147560500726,8.01261086916698e-9,2429,256
WRKY71,0.04114106735549679,8.179344109475024e-9,4072,257
AGL3,0.04897426253189115,1.2492786699154547e-8,2822,258
At2g38090,0.049603715256992774,1.2701437166811821e-8,3659,259
SEP1,0.04470823676268198,1.3042003780105171e-8,2812,260
WRKY14,0.0453310196815967,1.305349742673838e-8,3673,261
BEE2,0.046106888352791364,1.4065675297809165e-8,3200,262
At1g49010,0.03790419122532655,1.4530494623369052e-8,2520,263
ERF015,0.013812334942018903,1.4985456367068188e-8,3323,264
HDG1,0.034826652581001094,1.6218355991858257e-8,1903,265
RAP210,0.023945190553515593,1.965224782723699e-8,2289,266
CMTA3,0.0173128171435002,2.1796586509075513e-8,1231,267
WRKY57,0.042104954240201366,2.3288986635868613e-8,3442,268
PHL1,0.032609523018236185,2.3331662671593675e-8,2120,269
CBF1,0.009408846028088662,2.3991396800159722e-8,2277,270
NAC017,0.03072891772745119,2.6662840838399306e-8,3730,271
WRKY21,0.0401301090657201,2.8750401955306642e-8,2841,272
WRKY48,0.040706519224897465,3.195157003468947e-8,3272,273
MYB27,0.020213125898783775,3.2269844960687187e-8,1782,274
ERF094,0.022418673697336466,3.380782186878096e-8,3948,275
AT3G24120,0.022804268856946953,3.387384354746013e-8,1940,276
EFM,0.033361806097342794,3.569689663196373e-8,1862,277
WRKY65,0.04193087395829342,3.8743544573021216e-8,3438,278
DOF5.7,0.03783438420338067,4.050591211300505e-8,4153,279
ANAC13,0.034520062502308324,4.3235673593571794e-8,4572,280
AT2G44940,0.020549132354063325,4.8803746938222804e-8,2629,281
ERF021,0.003316881491873286,4.971784435148202e-8,3206,282
AT4G18450,0.08325129642840673,5.039081242056316e-8,9568,283
DREB1C,0.015045943814894287,5.052807687013574e-8,2047,284
MYB15,0.016019639968535407,5.4481889792864613e-8,1713,285
bZIP52,0.02853121347986916,6.130017615982694e-8,1577,286
ARR1,0.029930663899422415,6.989382191012367e-8,2981,287
AT5G18450,0.09099821922543197,7.575250496812002e-8,8792,288
SPL5,0.009807352838579038,8.379296131605063e-8,1387,289
AT3G10580,0.03639096939326429,9.688256278712206e-8,2433,290
CEJ1,0.04001716556581948,9.888909932106585e-8,6362,291
DYT1,0.03141510107755131,1.080974365731297e-7,2862,292
STZ,0.02814893502017554,1.3296514820045859e-7,2068,293
DREB2,0.0265728617068008,1.404777658725009e-7,2805,294
ERF043,0.01470974851578017,1.5174175432089358e-7,2109,295
AT2G33710,0.033504528361911784,1.5405775756538688e-7,8422,296
RAX3,0.03029095806801562,1.6131393969624475e-7,2715,297
RAP2-1,0.008550562949636561,1.6521421220997863e-7,2778,298
GT-4,0.029978758028395728,1.7031396160860804e-7,1955,299
WRKY40,0.03466321325929985,1.708407204514826e-7,3154,300
CAMTA1,0.033428528390929385,1.753735194118472e-7,2061,301
AT3G57600,0.051159217971728704,1.869233173169702e-7,9063,302
ERF3,0.03497869721862923,2.1269910442346316e-7,8258,303
NAC055,0.017060564000982745,2.155089926807038e-7,775,304
BIM3,0.03909055828963285,2.579862307973939e-7,3209,305
KUA1,0.01972543699927213,2.855329103941522e-7,1998,306
DREB19,0.009315347747563624,2.9676700408894837e-7,2477,307
AT3G10030,0.01969261688740922,3.1660518139748595e-7,1525,308
ERF018,0.008468626542875855,3.286761093262187e-7,2581,309
DREB1B,0.007318437196737457,3.5052526440412786e-7,2019,310
MYB56,0.03636615695713154,3.620718208993952e-7,1657,311
ATHB-9,0.016784245886689638,3.758932170230593e-7,1399,312
DREB26,0.031012588507983774,3.96930937876888e-7,5651,313
ANT,0.021180793653963748,3.976593631617447e-7,1988,314
HAT22,0.022223248383608705,4.375269905114541e-7,1960,315
SPL14,0.029421814746763048,4.690731016133811e-7,1385,316
SPL15,0.01386393971281925,4.795214374320205e-7,1309,317
WRKY38,0.02575505625402444,4.856540958457886e-7,2428,318
AT1G75490,0.04741978410110609,6.009883572043006e-7,8512,319
REF6,0.029026071167679454,6.067270724390488e-7,5074,320
SPL11,0.02207965293493294,6.202279548226806e-7,1419,321
AT3G16280,0.012025496327669076,6.275510789279037e-7,2292,322
CBF2,0.00643694629101586,6.424051062030686e-7,2131,323
RAP26,0.05147666910217988,6.999153115173749e-7,8398,324
EDT1,0.02622633639432389,7.236761310677374e-7,1754,325
MYB4,0.009575118974876746,7.266521116333187e-7,1270,326
PHL7,0.027989228661401282,7.300005607255237e-7,2035,327
AT1G22810,0.075587857986770507,7.332515784143418e-7,9353,328
RAP212,0.03441581666025367,8.405534338653709e-7,5425,329
MYB81,0.01389175642050508,8.850547283968437e-7,1395,330
GATA15,0.023997164094928466,9.530995374483719e-7,2027,331
ARF3,0.020511062451139192,1.178269930604305e-6,1937,332
SPL1,0.015025776676818516,1.306349194920389e-6,1486,333
ERF008,0.005002675933429235,1.333376944654536e-6,4985,334
HHO3,0.028467817793682005,1.410528995047438e-6,2076,335
BHLH78,0.02537021064765314,1.442556674620551e-6,1349,336
DEAR5,0.0050568661740283405,1.4984475497622654e-6,2988,337
ANL2,0.018600350844259886,1.6022648115995081e-6,1812,338
MYB3R1,0.009205828247477926,1.6203309120604304e-6,1808,339
MYB65,0.018689187234361082,1.6521486689431733e-6,1691,340
MYB3R4,0.00948142483104868,1.689410646751044e-6,1911,341
ERF017,0.02781475752937041,1.6990064353367298e-6,3542,342
MYB46,0.013183869748339003,1.8836128879156736e-6,1139,343
WRKY75,0.022464906398586254,2.097863074395656e-6,2114,344
ABF3,0.03324997699446573,2.148123699371019e-6,2312,345
ARF8,0.0222767019388415,2.4399867915823847e-6,2261,346
ERF019,0.012670339033899705,2.4405484040540102e-6,3631,347
GT-1,0.00856391681513235,3.179012429689156e-6,735,348
NAC028,0.01778789617661937,3.407200151287791e-6,1179,349
CBF4,0.02236223340484632,3.998629647793776e-6,2224,350
NAC058,0.021912951770909534,4.67338181224909e-6,1466,351
ERF13,0.006226834593901484,5.736199902038217e-6,3985,352
RAP2-3,0.010718286501162959,5.744446380486971e-6,3961,353
ATHB7,0.028266952057948734,6.705458378978011e-6,2533,354
ERF15,0.013505830074738823,8.452361791243719e-6,7969,355
MYB3R5,0.010177708704045479,9.227033210387045e-6,1975,356
At5g08520,0.02354675306897509,1.0261421252885512e-5,2177,357
ERF1B,0.010633152692430078,1.0550303225899218e-5,3819,358
BZIP60,0.015302981499376957,1.1829078092765805e-5,1624,359
MYB98,0.025187674598611206,1.2937021160562706e-5,1547,360
At1g74840,0.016209261381665202,1.3282422197202396e-5,2315,361
FHY3,0.02975803257682156,1.3817629342310133e-5,2436,362
GATA6,0.013002088655949245,1.4673857693572396e-5,1557,363
GATA12,0.007357738361569879,1.497268026502129e-5,758,364
MYB33,0.014532139061626294,1.6176630454507873e-5,1561,365
ERF087,0.042745381376428165,1.6430990974489134e-5,8502,366
ERF105,0.058934638671446826,1.7963158988748067e-5,9155,367
ESE1,0.05943658999869056,1.891457197966217e-5,10136,368
MYB119,0.010413507787077607,2.0247694364496834e-5,1219,369
KAN2,0.037648462507583136,2.0683837591409644e-5,2631,370
KAN4,0.018088695346441166,2.3726588163718334e-5,1268,371
ERF2,0.027763142159173054,2.4416827041042097e-5,9643,372
AT1G01250,0.014978297145254026,2.9403765233577174e-5,3144,373
MYB3,0.014754574811058867,3.0794117847770595e-5,1212,374
ARR14,0.0024639368282491497,3.363188097170752e-5,1275,375
HHO6,0.020755642274546453,3.428429813275948e-5,2221,376
ATHB-12,0.01583846453104346,3.6400543688499383e-5,1323,377
ERF6,0.0035896950489585078,3.651377643414794e-5,3735,378
AT1G13300,0.021963701758091175,3.790805770364155e-5,2198,379
PLT3,0.013325246806866645,4.0662187346995174e-5,1649,380
ERF10,0.011347460500238993,4.1510166968436826e-5,9532,381
WRKY25,0.027005652730464572,4.268013337152167e-5,2167,382
LEP,0.04290015865556998,4.4891624106862396e-5,10940,383
ERF096,0.012173007590442292,4.533448310816422e-5,3619,384
MYB24,0.015547410116225003,4.855239879750383e-5,1414,385
FAR1,0.03255006172341335,5.242611404694511e-5,2736,386
ERF9,0.09571256884092558,5.27582985850296e-5,11852,387
MYB73,0.012085365095514163,5.4352912711176444e-5,1651,388
TBP3,0.005167533502700175,5.459345789958767e-5,3807,389
ERF5,0.03031770064054326,5.567432234793723e-5,13374,390
HHO5,0.01663904980969312,5.56768366127956e-5,2656,391
MYB1,0.01889367371539778,5.9151042162813385e-5,1797,392
AT5G67000,0.018098694312944266,6.374625805280095e-5,2983,393
AT1G36060,0.03049249175567404,7.997951399405465e-5,4040,394
AT1G77640,0.03940209446445614,8.53187323277291e-5,4680,395
ATHB4,0.015173774810908508,9.101416316262486e-5,1427,396
AT1G72740,-0.0067886532697813695,9.135440850178232e-5,5293,397
CMTA2,0.02384315865600961,9.596140449186394e-5,1677,398
SPL9,0.018403513686515063,1.1659308448830867e-4,1570,399
ATHB-6,0.017158629897183877,1.1834325137362716e-4,912,400
RAP21,0.02627447951782401,1.2160848914285962e-4,4594,401
MYB77,0.021592385072921657,1.316825428531613e-4,1421,402
ERF8,0.0026709638137872443,1.6506610699432357e-4,2316,403
DREB1A,0.019091680886131553,1.7460204999331758e-4,1946,404
MYB70,0.009015076937464644,1.753976523319759e-4,1345,405
AT5G61620,0.019283248812011405,1.991406240233233e-4,2474,406
WRKY23,0.01994309281067342,2.1949875654454963e-4,1781,407
ZAP1,0.004953178057733362,2.3060602539542457e-4,2167,408
HHO2,0.015691331288029457,2.370021741716534e-4,2173,409
ANAC050,0.012225349279982055,2.4323863546096708e-4,2272,410
AG,0.018526007283872437,2.436608931623867e-4,3167,411
DREB1E,0.016714326984557864,2.6574563577241546e-4,1817,412
MYB105,0.014842573610959867,2.7494238714158704e-4,1456,413
RAP2-6,0.0033638444695101855,2.8279507839224627e-4,5023,414
GATA8,0.007104283398396943,3.41844849908756e-4,1215,415
PLT1,0.013953163175175892,3.4287027235220356e-4,1922,416
WRKY62,0.018070828439741535,3.620575414600436e-4,1517,417
At1g19000,0.012012884649879603,3.9524462105776874e-4,2272,418
SPL3,0.009932793705594873,4.026181739177002e-4,1273,419
PUCHI,-5.570861979574127e-4,4.6188185236749606e-4,8270,420
MYB111,0.006311843566191277,5.054285954434993e-4,693,421
MYB59,0.0044687969012775705,5.137113931590107e-4,706,422
ERF7,0.005762720539791766,5.434703883187677e-4,1991,423
ERF109,0.0044229293394481145,6.303169953894885e-4,4442,424
NAC029,0.015317484881722784,7.268833854914674e-4,1252,425
ARR2,0.013310932236940243,7.892489682419488e-4,1983,426
HSFA6B,0.011770630711561106,8.384511824385515e-4,2236,427
ARR11,0.015288056001754478,8.557306106342275e-4,819,428
SPL12,0.013578471876747142,9.124308082471141e-4,1024,429
ABR1,0.03514411110577466,9.56534774492263e-4,5523,430
ERF104,0.01644779076280395,0.001028397872022018,10166,431
GATA19,1.3544644876631318e-4,0.0012536899459132285,2461,432
NTL9,0.007537033095281206,0.001259074221499991,481,433
F3A4.140,0.014076589296143898,0.0012945113331875638,1172,434
RAP211,0.006649890397369795,0.0013096074375709677,6327,435
DRE1C,0.010187761392657615,0.0013139602657939388,1145,436
ERF112,-0.0016602144422318832,0.001322745266402549,3737,437
SPL7,0.015067468355206115,0.0013671391355152562,1361,438
SPL13,0.0193070811397286,0.0013856681018739677,1219,439
UIF1,0.01812505499790145,0.0015942425301351576,2112,440
CRF2,0.002975730179187827,0.0016293889985201891,5026,441
GATA9,0.008326325216766753,0.0018868281081381435,1306,442
MYB52,0.006175793975093748,0.002685211229057015,1313,443
ERF098,0.007669605322312284,0.0031544869510344185,3321,444
CRF4,0.010536954647212021,0.0035475297067389592,8432,445
HSFB2A,0.014614415837878515,0.003667180232558868,2264,446
NAC080,0.007090537848403897,0.003983088332464941,762,447.5
T11I18.17,0.007090537848403897,0.003983088332464941,762,447.5
ERF118,6.390175604113757e-5,0.004185071542965246,5854,449
ERF4,-0.00692228879708813,0.004301587248580613,4646,450
ERF11,-0.00871322160699814,0.005088120529273316,4387,451
NAC025,0.009065391157318452,0.005329176317938822,443,452
AIL7,0.01326537686239412,0.005820376449246317,1879,453
NAC083,0.0134245788691059,0.007237476703943852,993,454
SPL4,0.00825689876426265,0.008295396740373785,904,455
GATA14,-2.0024818392539237e-4,0.00920821609853281,1606,456
CDC5,0.004654884469541475,0.012297056330225188,863,457
E2FA,0.0015613824597054578,0.014800467963141335,1247,458
LFY,0.013554561162750556,0.015749659418709348,1834,459
ERF069,0.0015785193928301786,0.018638702554050715,2691,460
SMZ,0.010926658063707257,0.022382257170948983,1619,461
HSFC1,0.004815613682027427,0.02279295006264081,1834,462
MYB124,0.008120637865067407,0.043927156943537646,1484,463
GATA20,0.0010808466724215107,0.07302950594670737,1995,464
HSFB2B,0.013281646216823373,0.10784940408938362,2270,465
RAV1_var.2,0.009528097374958633,0.14750050542119897,1401,466
GATA10,-0.002519735832667908,0.8883218370243428,556,467.5
GATA11,-0.002519735832667908,0.8883218370243428,556,467.5
